[debug] [2026-05-17T14:59:23.381Z] ----------------------------------------------------------------------
[debug] [2026-05-17T14:59:23.383Z] Command:       /snap/node/11560/bin/node /usr/local/bin/firebase deploy --only hosting
[debug] [2026-05-17T14:59:23.384Z] CLI Version:   15.13.0
[debug] [2026-05-17T14:59:23.384Z] Platform:      linux
[debug] [2026-05-17T14:59:23.384Z] Node Version:  v22.22.3
[debug] [2026-05-17T14:59:23.384Z] Time:          Sun May 17 2026 15:59:23 GMT+0100 (heure d’Afrique de l’Ouest)
[debug] [2026-05-17T14:59:23.385Z] ----------------------------------------------------------------------
[debug] 
[debug] [2026-05-17T14:59:24.382Z] > command requires scopes: ["email","openid","https://www.googleapis.com/auth/cloudplatformprojects.readonly","https://www.googleapis.com/auth/firebase","https://www.googleapis.com/auth/cloud-platform"]
[debug] [2026-05-17T14:59:24.383Z] > authorizing via signed-in user (israel01tientcheu@gmail.com)
[debug] [2026-05-17T14:59:24.383Z] [iam] checking project tontine-web for permissions ["firebase.projects.get","firebasehosting.sites.update"]
[debug] [2026-05-17T14:59:24.384Z] Checked if tokens are valid: true, expires at: 1779033500128
[debug] [2026-05-17T14:59:24.384Z] Checked if tokens are valid: true, expires at: 1779033500128
[debug] [2026-05-17T14:59:24.385Z] >>> [apiv2][query] POST https://cloudresourcemanager.googleapis.com/v1/projects/tontine-web:testIamPermissions [none]
[debug] [2026-05-17T14:59:24.385Z] >>> [apiv2][(partial)header] POST https://cloudresourcemanager.googleapis.com/v1/projects/tontine-web:testIamPermissions  x-goog-user-project=tontine-web
[debug] [2026-05-17T14:59:24.385Z] >>> [apiv2][body] POST https://cloudresourcemanager.googleapis.com/v1/projects/tontine-web:testIamPermissions {"permissions":["firebase.projects.get","firebasehosting.sites.update"]}
[debug] [2026-05-17T14:59:29.153Z] <<< [apiv2][status] POST https://cloudresourcemanager.googleapis.com/v1/projects/tontine-web:testIamPermissions 200
[debug] [2026-05-17T14:59:29.153Z] <<< [apiv2][body] POST https://cloudresourcemanager.googleapis.com/v1/projects/tontine-web:testIamPermissions {"permissions":["firebase.projects.get","firebasehosting.sites.update"]}
[debug] [2026-05-17T14:59:29.155Z] Checked if tokens are valid: true, expires at: 1779033500128
[debug] [2026-05-17T14:59:29.156Z] Checked if tokens are valid: true, expires at: 1779033500128
[debug] [2026-05-17T14:59:29.156Z] >>> [apiv2][query] GET https://firebase.googleapis.com/v1beta1/projects/tontine-web [none]
[debug] [2026-05-17T14:59:31.664Z] <<< [apiv2][status] GET https://firebase.googleapis.com/v1beta1/projects/tontine-web 200
[debug] [2026-05-17T14:59:31.664Z] <<< [apiv2][body] GET https://firebase.googleapis.com/v1beta1/projects/tontine-web {"projectId":"tontine-web","projectNumber":"358581811705","displayName":"tontine-web","name":"projects/tontine-web","resources":{"hostingSite":"tontine-web"},"state":"ACTIVE","etag":"1_5c960b77-8174-4dfa-89f2-eb578af88daa"}
[info] 
[info] === Deploying to 'tontine-web'...
[info] 
[info] i  deploying hosting 
[debug] [2026-05-17T14:59:31.675Z] Checked if tokens are valid: true, expires at: 1779033500128
[debug] [2026-05-17T14:59:31.675Z] Checked if tokens are valid: true, expires at: 1779033500128
[debug] [2026-05-17T14:59:31.675Z] >>> [apiv2][query] POST https://firebasehosting.googleapis.com/v1beta1/projects/-/sites/tontine-web/versions [none]
[debug] [2026-05-17T14:59:31.675Z] >>> [apiv2][body] POST https://firebasehosting.googleapis.com/v1beta1/projects/-/sites/tontine-web/versions {"status":"CREATED","labels":{"deployment-tool":"cli-firebase"}}
[debug] [2026-05-17T14:59:40.929Z] <<< [apiv2][status] POST https://firebasehosting.googleapis.com/v1beta1/projects/-/sites/tontine-web/versions 200
[debug] [2026-05-17T14:59:40.929Z] <<< [apiv2][body] POST https://firebasehosting.googleapis.com/v1beta1/projects/-/sites/tontine-web/versions {"name":"projects/358581811705/sites/tontine-web/versions/b8da13969f1eb723","status":"CREATED","config":{},"labels":{"deployment-tool":"cli-firebase"}}
[info] i  hosting[tontine-web]: beginning deploy... 
[info] i  hosting[tontine-web]: found 59 files in dist/tontine-web/browser 
[debug] [2026-05-17T14:59:40.968Z] [hosting] uploading with 200 concurrency
[debug] [2026-05-17T14:59:40.969Z] [hosting] hash cache [ZGlzdC90b250aW5lLXdlYi9icm93c2Vy] not populated
[debug] [2026-05-17T14:59:41.029Z] Checked if tokens are valid: true, expires at: 1779033500128
[debug] [2026-05-17T14:59:41.029Z] Checked if tokens are valid: true, expires at: 1779033500128
[debug] [2026-05-17T14:59:41.030Z] [hosting] hash cache [ZGlzdC90b250aW5lLXdlYi9icm93c2Vy] stored for 59 files
[debug] [2026-05-17T14:59:41.030Z] [hosting][hash queue][FINAL] {"max":56,"min":17,"avg":35.101694915254235,"active":0,"complete":59,"success":59,"errored":0,"retried":0,"total":59,"elapsed":61}
[debug] [2026-05-17T14:59:41.030Z] >>> [apiv2][query] POST https://firebasehosting.googleapis.com/v1beta1/projects/358581811705/sites/tontine-web/versions/b8da13969f1eb723:populateFiles [none]
[debug] [2026-05-17T14:59:41.030Z] >>> [apiv2][body] POST https://firebasehosting.googleapis.com/v1beta1/projects/358581811705/sites/tontine-web/versions/b8da13969f1eb723:populateFiles {"files":{"/styles-PSFV74IX.css":"5d2c9fd23a60f5baf3ea7f75ddd9a165bb70795474bb5bd124b9298e4f46038a","/index.csr.html":"266d8bbe283386b57cb275b33fc5c3a8a0b39de59b15546eed26124531473303","/chunk-ZNMEI3F4.js":"edfc19bb674ee50520debebd73c5063ad1d6daad3cba0d4e8f6514217ce4128a","/index.html":"266d8bbe283386b57cb275b33fc5c3a8a0b39de59b15546eed26124531473303","/chunk-WHA7HYMH.js":"a35ef3a596e80da7f00dd8ce1abac5bb3de29998beb7a58fc425ea00cdb36089","/chunk-WTSUATPJ.js":"2f7c643976db2c39985ae175b0c34ae2b27ed4f91ec322a057f2e8c4dc34d229","/main-R3GQL2KG.js":"c3a4ad8a2d36bbf5cb2a266b1f6a3ca79375084da46fbc205cd51df56b1b724a","/favicon.ico":"2add0cc793219edd4c7e298d6081d94db083b1d7daa7610f3dd95aaf8a6ea62e","/chunk-UV733AD3.js":"f9ebb2b31aa40ee9ad9bc47c290120bf0ce435c316bbdbc5879211a8f1bc5e12","/chunk-S4BCY4UJ.js":"13b61fcd248178f644acf9a1b8a1ffee44610871a0d994f825eb600b610bb5fb","/chunk-XZQFNXEG.js":"444c51859bfd7c9abc7516c017b0e0cc7cee4f8cd67ea6fc93709fc2af87890d","/chunk-W6RUHZEF.js":"79a820a1825c852018f31e49ae16300da3822c96466aef64f58d73d6fcc60a09","/chunk-SHCDOZFW.js":"d12cace7466cdaae9c0f74cff0e8c37ec6fb1458fa549dbbbd6dc0dc7fb3cec5","/chunk-Q2BOPQXW.js":"1b5e791c04d1ca3240d5e0b990386e56d62659161fe665514a9536dae46eed93","/chunk-PSDR36PB.js":"5f089739d5cb796b9eb682ef789f45c4ed4b4f2a45e750f76a4658ee84c2432f","/chunk-SJ64RPED.js":"753715359c786b33ed6792da4533c1dc5d8cfc73d5107ba3ab55d01961088ebb","/chunk-O2LYPDL2.js":"b1c746360fe9bfab6d3a00dd4f6918e82bec83c4833ea9ed2e93d23f5774254b","/chunk-MWD2Y4WY.js":"be7210809a74ab4f1c510bb5b82dd63d9c2c3359f2371c0f7de45c7a32207f1c","/chunk-QRYVAG7F.js":"1436f658124f9a2ae24181c0b66d5766d49c7538420f54148c756069b3b0b5e5","/chunk-ODILELQF.js":"9104d7ee94587d5a9455f5e2e347434a223db730e3ba219ab9e4f144e2c85806","/chunk-NS5ZRD6H.js":"dd82e7d00159c073ca63acef87647c379dde271767bd0a0aae3260eae78828c9","/chunk-NGNEKCC2.js":"882a095aef0403e93a4c6a83e0309853cad3290e3cd6c20f2dfa208968dc0cdc","/chunk-S3YHWL6Y.js":"849b97af27a933bbecf85117f2d031b06dc603bd607f5289e11a0ea419fd1a8c","/chunk-M2LELN4V.js":"a7fabc54fb0569fe5d3cc16e5bc3d9964df073e7f1b67699105489e9af1d32d6","/chunk-KTUTRXEF.js":"c9a83297240280b03d9cc8efa9150bf33ad2d21eaa543baf41f493bc7b1430f4","/chunk-MTY25UYB.js":"8a560b4c830180983dca73a2588b8bdc3e57166762ab187177b2df500f1f1a75","/chunk-ITEMMEJH.js":"b1aa59a49eb2a39e0ce2cdce9bad82fb8a0b7541cb5a67576455fba0007a718b","/chunk-IRLKC3PX.js":"53533346fd8f7e20004a68ac88481fa621bc225f2a72a97b164d5c9d9efba2c6","/chunk-MC3BKSZB.js":"0b80f0417b75218df4e15e2c2d621b3bbbd8a191739de50f5f925fa99949ae44","/chunk-IKS6YU44.js":"1840d5a662d73ef08e421566249e3815578b7e18188e089e840455a89fd00d7c","/chunk-IJMUVFQH.js":"3c796d8a921d22b725dff0e759b7f86313c1adb3ad8ef513977c84b72e2c8628","/chunk-INEIIEWQ.js":"bda590092bd439b33da5b51de7ddcb9b36069767bebac33f13b0c558cf23bd49","/chunk-IAOHEGDL.js":"775ea2fa98d1f9b3b2d2121f64a1037be772da1b38d6fe775bdd76dd8f9531cd","/chunk-IIXYO6PN.js":"9f9013f058d78694c55237293d7394bcc41716fc7bbd9f1c29f3a37592c6e959","/chunk-KKK43DHH.js":"930ac2d5e201c25d6989ef76569b22214b5d3db31615ba2f5fa88f91a1f1f205","/chunk-HN5PRUMM.js":"5fd6db8359c0f9812777f3dbdaa5270c59a9ea81a0efc6e8c4556d02e7f7f9a7","/chunk-GSP5C5JH.js":"b74926f8c78fa133f90ac68a197aea60612fd52442eb0b199a509f3529dd6b5a","/chunk-FFJHY6JW.js":"5c1b6aebd57eb3481d2a1bd2d353d960fa450f970b06a10c15a55dacdb90956e","/chunk-DJBSMQ5A.js":"2a731f9b707fd42de780f124a521203825e522f94593063f8962a0d42b437805","/chunk-CADZWDQK.js":"c4d5f69679829ee11efc329df99f685fdd66aa8c50c226a5c4ab4cde7d67b11c","/chunk-7DWQUUDA.js":"355eb91702b89c5a68b046e696325775cc5063a18947280cdc70649922e3895b","/chunk-AVZQTVQN.js":"e9d1912e941d59d8d860f69d3a116fca52eccea8f9ebe8c3053a5c84d663e85d","/chunk-7CWEWOOX.js":"3b2e8cdc09f8c76e1d1366c2487961743f8e6ba36ae5ee68b590c3622412cb98","/chunk-EPZ6CTL6.js":"89efc3e333f7fe130a0f32517724235475be1ad1695b5da9505f28b503356b09","/chunk-YTJV3KWL.js":"64a9e5b42c134ceb538af9c133b1096e408a2a755869eb85c8d17a14a13d493e","/chunk-OQLR5O4L.js":"acb27bdeff9511c329e64b7b6888548679452c1e08933419ffbc427146652db1","/chunk-7CGTOI24.js":"bf2a6f5db6301c2da885918f968577c1b62a411b58b13e905b33956af06b65f1","/chunk-5UIGHAKN.js":"c8c1e4c4ccb5b6529b4cc3e9aeeec7937e38670e34ecfb2e1115cb902c0e4ad0","/chunk-H2PTVUKF.js":"8d0af5d1dd416dc5b0875082524c03da2b60e93712950327c43f401225ea7a26","/chunk-63W2B3D5.js":"d846eb474d46bc49b2e2c6df7baaf37aaeff06efc0e07535c84a457485ad7ecd","/chunk-3U2EBGUZ.js":"9cb653c1a815ad0c50ea2be989812f8ccdebbb2d6bae78985e805d16fdc65662","/chunk-3IGW25PJ.js":"8d6e95960b2ccece5b59248355faf8773db7f7b6387ee185ab0e10bbf5bc9cd1","/chunk-22KXFUBA.js":"36507eb98b70f6accd5fdcbbde836e389e01bc525f4731a5bf695b26f0f1d3a0","/chunk-3PKJHM3E.js":"b6d9ce52a13e646fc24de45fc1513ce00154ab65c039303919a28e0b9633934b","/chunk-54EF6KMR.js":"66384c29fb48a398fd5849b906ad7015467d62e6a816a066732f02439e3f7c7b","/chunk-H745CISQ.js":"2f2b580419a8475291097a7cb29e60eb218e94a3dc3e9f3ca1399af64d5d4c23","/chunk-33QXMLEZ.js":"fd601543683065396dd55966f01ad658b4985fc0da8a382d6a0d8cf7aa1e1958","/chunk-MD644DGS.js":"8f242b6d5fff3562caf5a1180515d520abe99ef648fc67a9cedf9e1632e0352b","/chunk-U3FNQBRF.js":"cf3a570c75ab8d2346b18017ffa0fa46595d0b1d0c55f27fbf04df3fd1f572af"}}
[debug] [2026-05-17T14:59:42.731Z] <<< [apiv2][status] POST https://firebasehosting.googleapis.com/v1beta1/projects/358581811705/sites/tontine-web/versions/b8da13969f1eb723:populateFiles 200
[debug] [2026-05-17T14:59:42.732Z] <<< [apiv2][body] POST https://firebasehosting.googleapis.com/v1beta1/projects/358581811705/sites/tontine-web/versions/b8da13969f1eb723:populateFiles {"uploadRequiredHashes":["d846eb474d46bc49b2e2c6df7baaf37aaeff06efc0e07535c84a457485ad7ecd","a35ef3a596e80da7f00dd8ce1abac5bb3de29998beb7a58fc425ea00cdb36089","5f089739d5cb796b9eb682ef789f45c4ed4b4f2a45e750f76a4658ee84c2432f","79a820a1825c852018f31e49ae16300da3822c96466aef64f58d73d6fcc60a09","9104d7ee94587d5a9455f5e2e347434a223db730e3ba219ab9e4f144e2c85806","753715359c786b33ed6792da4533c1dc5d8cfc73d5107ba3ab55d01961088ebb","8f242b6d5fff3562caf5a1180515d520abe99ef648fc67a9cedf9e1632e0352b","b1aa59a49eb2a39e0ce2cdce9bad82fb8a0b7541cb5a67576455fba0007a718b","53533346fd8f7e20004a68ac88481fa621bc225f2a72a97b164d5c9d9efba2c6","266d8bbe283386b57cb275b33fc5c3a8a0b39de59b15546eed26124531473303","8d0af5d1dd416dc5b0875082524c03da2b60e93712950327c43f401225ea7a26","f9ebb2b31aa40ee9ad9bc47c290120bf0ce435c316bbdbc5879211a8f1bc5e12","fd601543683065396dd55966f01ad658b4985fc0da8a382d6a0d8cf7aa1e1958","930ac2d5e201c25d6989ef76569b22214b5d3db31615ba2f5fa88f91a1f1f205","bda590092bd439b33da5b51de7ddcb9b36069767bebac33f13b0c558cf23bd49","9cb653c1a815ad0c50ea2be989812f8ccdebbb2d6bae78985e805d16fdc65662","8a560b4c830180983dca73a2588b8bdc3e57166762ab187177b2df500f1f1a75","2f7c643976db2c39985ae175b0c34ae2b27ed4f91ec322a057f2e8c4dc34d229","3b2e8cdc09f8c76e1d1366c2487961743f8e6ba36ae5ee68b590c3622412cb98","36507eb98b70f6accd5fdcbbde836e389e01bc525f4731a5bf695b26f0f1d3a0","2add0cc793219edd4c7e298d6081d94db083b1d7daa7610f3dd95aaf8a6ea62e","2f2b580419a8475291097a7cb29e60eb218e94a3dc3e9f3ca1399af64d5d4c23","775ea2fa98d1f9b3b2d2121f64a1037be772da1b38d6fe775bdd76dd8f9531cd","8d6e95960b2ccece5b59248355faf8773db7f7b6387ee185ab0e10bbf5bc9cd1","13b61fcd248178f644acf9a1b8a1ffee44610871a0d994f825eb600b610bb5fb","5d2c9fd23a60f5baf3ea7f75ddd9a165bb70795474bb5bd124b9298e4f46038a","be7210809a74ab4f1c510bb5b82dd63d9c2c3359f2371c0f7de45c7a32207f1c","444c51859bfd7c9abc7516c017b0e0cc7cee4f8cd67ea6fc93709fc2af87890d","b1c746360fe9bfab6d3a00dd4f6918e82bec83c4833ea9ed2e93d23f5774254b","1b5e791c04d1ca3240d5e0b990386e56d62659161fe665514a9536dae46eed93","1840d5a662d73ef08e421566249e3815578b7e18188e089e840455a89fd00d7c","64a9e5b42c134ceb538af9c133b1096e408a2a755869eb85c8d17a14a13d493e","2a731f9b707fd42de780f124a521203825e522f94593063f8962a0d42b437805","e9d1912e941d59d8d860f69d3a116fca52eccea8f9ebe8c3053a5c84d663e85d","d12cace7466cdaae9c0f74cff0e8c37ec6fb1458fa549dbbbd6dc0dc7fb3cec5","c8c1e4c4ccb5b6529b4cc3e9aeeec7937e38670e34ecfb2e1115cb902c0e4ad0","5c1b6aebd57eb3481d2a1bd2d353d960fa450f970b06a10c15a55dacdb90956e","1436f658124f9a2ae24181c0b66d5766d49c7538420f54148c756069b3b0b5e5","0b80f0417b75218df4e15e2c2d621b3bbbd8a191739de50f5f925fa99949ae44","89efc3e333f7fe130a0f32517724235475be1ad1695b5da9505f28b503356b09","5fd6db8359c0f9812777f3dbdaa5270c59a9ea81a0efc6e8c4556d02e7f7f9a7","882a095aef0403e93a4c6a83e0309853cad3290e3cd6c20f2dfa208968dc0cdc","acb27bdeff9511c329e64b7b6888548679452c1e08933419ffbc427146652db1","edfc19bb674ee50520debebd73c5063ad1d6daad3cba0d4e8f6514217ce4128a","b74926f8c78fa133f90ac68a197aea60612fd52442eb0b199a509f3529dd6b5a","b6d9ce52a13e646fc24de45fc1513ce00154ab65c039303919a28e0b9633934b","c4d5f69679829ee11efc329df99f685fdd66aa8c50c226a5c4ab4cde7d67b11c","9f9013f058d78694c55237293d7394bcc41716fc7bbd9f1c29f3a37592c6e959","c3a4ad8a2d36bbf5cb2a266b1f6a3ca79375084da46fbc205cd51df56b1b724a","a7fabc54fb0569fe5d3cc16e5bc3d9964df073e7f1b67699105489e9af1d32d6","849b97af27a933bbecf85117f2d031b06dc603bd607f5289e11a0ea419fd1a8c","3c796d8a921d22b725dff0e759b7f86313c1adb3ad8ef513977c84b72e2c8628","355eb91702b89c5a68b046e696325775cc5063a18947280cdc70649922e3895b","66384c29fb48a398fd5849b906ad7015467d62e6a816a066732f02439e3f7c7b","c9a83297240280b03d9cc8efa9150bf33ad2d21eaa543baf41f493bc7b1430f4","bf2a6f5db6301c2da885918f968577c1b62a411b58b13e905b33956af06b65f1","dd82e7d00159c073ca63acef87647c379dde271767bd0a0aae3260eae78828c9","cf3a570c75ab8d2346b18017ffa0fa46595d0b1d0c55f27fbf04df3fd1f572af"],"uploadUrl":"https://upload-firebasehosting.googleapis.com/upload/sites/tontine-web/versions/b8da13969f1eb723/files"}
[debug] [2026-05-17T14:59:42.734Z] Checked if tokens are valid: true, expires at: 1779033500128
[debug] [2026-05-17T14:59:42.735Z] Checked if tokens are valid: true, expires at: 1779033500128
[debug] [2026-05-17T14:59:42.735Z] Checked if tokens are valid: true, expires at: 1779033500128
[debug] [2026-05-17T14:59:42.736Z] Checked if tokens are valid: true, expires at: 1779033500128
[debug] [2026-05-17T14:59:42.736Z] Checked if tokens are valid: true, expires at: 1779033500128
[debug] [2026-05-17T14:59:42.736Z] Checked if tokens are valid: true, expires at: 1779033500128
[debug] [2026-05-17T14:59:42.737Z] Checked if tokens are valid: true, expires at: 1779033500128
[debug] [2026-05-17T14:59:42.737Z] Checked if tokens are valid: true, expires at: 1779033500128
[debug] [2026-05-17T14:59:42.737Z] Checked if tokens are valid: true, expires at: 1779033500128
[debug] [2026-05-17T14:59:42.737Z] Checked if tokens are valid: true, expires at: 1779033500128
[debug] [2026-05-17T14:59:42.738Z] Checked if tokens are valid: true, expires at: 1779033500128
[debug] [2026-05-17T14:59:42.738Z] Checked if tokens are valid: true, expires at: 1779033500128
[debug] [2026-05-17T14:59:42.738Z] Checked if tokens are valid: true, expires at: 1779033500128
[debug] [2026-05-17T14:59:42.738Z] Checked if tokens are valid: true, expires at: 1779033500128
[debug] [2026-05-17T14:59:42.739Z] Checked if tokens are valid: true, expires at: 1779033500128
[debug] [2026-05-17T14:59:42.739Z] Checked if tokens are valid: true, expires at: 1779033500128
[debug] [2026-05-17T14:59:42.739Z] Checked if tokens are valid: true, expires at: 1779033500128
[debug] [2026-05-17T14:59:42.739Z] Checked if tokens are valid: true, expires at: 1779033500128
[debug] [2026-05-17T14:59:42.740Z] Checked if tokens are valid: true, expires at: 1779033500128
[debug] [2026-05-17T14:59:42.740Z] Checked if tokens are valid: true, expires at: 1779033500128
[debug] [2026-05-17T14:59:42.740Z] Checked if tokens are valid: true, expires at: 1779033500128
[debug] [2026-05-17T14:59:42.740Z] Checked if tokens are valid: true, expires at: 1779033500128
[debug] [2026-05-17T14:59:42.740Z] Checked if tokens are valid: true, expires at: 1779033500128
[debug] [2026-05-17T14:59:42.740Z] Checked if tokens are valid: true, expires at: 1779033500128
[debug] [2026-05-17T14:59:42.741Z] Checked if tokens are valid: true, expires at: 1779033500128
[debug] [2026-05-17T14:59:42.741Z] Checked if tokens are valid: true, expires at: 1779033500128
[debug] [2026-05-17T14:59:42.741Z] Checked if tokens are valid: true, expires at: 1779033500128
[debug] [2026-05-17T14:59:42.741Z] Checked if tokens are valid: true, expires at: 1779033500128
[debug] [2026-05-17T14:59:42.741Z] Checked if tokens are valid: true, expires at: 1779033500128
[debug] [2026-05-17T14:59:42.741Z] Checked if tokens are valid: true, expires at: 1779033500128
[debug] [2026-05-17T14:59:42.741Z] Checked if tokens are valid: true, expires at: 1779033500128
[debug] [2026-05-17T14:59:42.742Z] Checked if tokens are valid: true, expires at: 1779033500128
[debug] [2026-05-17T14:59:42.742Z] Checked if tokens are valid: true, expires at: 1779033500128
[debug] [2026-05-17T14:59:42.742Z] Checked if tokens are valid: true, expires at: 1779033500128
[debug] [2026-05-17T14:59:42.742Z] Checked if tokens are valid: true, expires at: 1779033500128
[debug] [2026-05-17T14:59:42.742Z] Checked if tokens are valid: true, expires at: 1779033500128
[debug] [2026-05-17T14:59:42.742Z] Checked if tokens are valid: true, expires at: 1779033500128
[debug] [2026-05-17T14:59:42.742Z] Checked if tokens are valid: true, expires at: 1779033500128
[debug] [2026-05-17T14:59:42.743Z] Checked if tokens are valid: true, expires at: 1779033500128
[debug] [2026-05-17T14:59:42.743Z] Checked if tokens are valid: true, expires at: 1779033500128
[debug] [2026-05-17T14:59:42.744Z] Checked if tokens are valid: true, expires at: 1779033500128
[debug] [2026-05-17T14:59:42.744Z] Checked if tokens are valid: true, expires at: 1779033500128
[debug] [2026-05-17T14:59:42.744Z] Checked if tokens are valid: true, expires at: 1779033500128
[debug] [2026-05-17T14:59:42.745Z] Checked if tokens are valid: true, expires at: 1779033500128
[debug] [2026-05-17T14:59:42.745Z] Checked if tokens are valid: true, expires at: 1779033500128
[debug] [2026-05-17T14:59:42.745Z] Checked if tokens are valid: true, expires at: 1779033500128
[debug] [2026-05-17T14:59:42.745Z] Checked if tokens are valid: true, expires at: 1779033500128
[debug] [2026-05-17T14:59:42.745Z] Checked if tokens are valid: true, expires at: 1779033500128
[debug] [2026-05-17T14:59:42.745Z] Checked if tokens are valid: true, expires at: 1779033500128
[debug] [2026-05-17T14:59:42.745Z] Checked if tokens are valid: true, expires at: 1779033500128
[debug] [2026-05-17T14:59:42.745Z] Checked if tokens are valid: true, expires at: 1779033500128
[debug] [2026-05-17T14:59:42.745Z] Checked if tokens are valid: true, expires at: 1779033500128
[debug] [2026-05-17T14:59:42.746Z] Checked if tokens are valid: true, expires at: 1779033500128
[debug] [2026-05-17T14:59:42.746Z] Checked if tokens are valid: true, expires at: 1779033500128
[debug] [2026-05-17T14:59:42.746Z] Checked if tokens are valid: true, expires at: 1779033500128
[debug] [2026-05-17T14:59:42.746Z] Checked if tokens are valid: true, expires at: 1779033500128
[debug] [2026-05-17T14:59:42.746Z] Checked if tokens are valid: true, expires at: 1779033500128
[debug] [2026-05-17T14:59:42.746Z] Checked if tokens are valid: true, expires at: 1779033500128
[debug] [2026-05-17T14:59:42.746Z] Checked if tokens are valid: true, expires at: 1779033500128
[debug] [2026-05-17T14:59:42.746Z] Checked if tokens are valid: true, expires at: 1779033500128
[debug] [2026-05-17T14:59:42.747Z] Checked if tokens are valid: true, expires at: 1779033500128
[debug] [2026-05-17T14:59:42.747Z] Checked if tokens are valid: true, expires at: 1779033500128
[debug] [2026-05-17T14:59:42.747Z] Checked if tokens are valid: true, expires at: 1779033500128
[debug] [2026-05-17T14:59:42.747Z] Checked if tokens are valid: true, expires at: 1779033500128
[debug] [2026-05-17T14:59:42.747Z] Checked if tokens are valid: true, expires at: 1779033500128
[debug] [2026-05-17T14:59:42.747Z] Checked if tokens are valid: true, expires at: 1779033500128
[debug] [2026-05-17T14:59:42.747Z] Checked if tokens are valid: true, expires at: 1779033500128
[debug] [2026-05-17T14:59:42.747Z] Checked if tokens are valid: true, expires at: 1779033500128
[debug] [2026-05-17T14:59:42.747Z] Checked if tokens are valid: true, expires at: 1779033500128
[debug] [2026-05-17T14:59:42.748Z] Checked if tokens are valid: true, expires at: 1779033500128
[debug] [2026-05-17T14:59:42.748Z] Checked if tokens are valid: true, expires at: 1779033500128
[debug] [2026-05-17T14:59:42.748Z] Checked if tokens are valid: true, expires at: 1779033500128
[debug] [2026-05-17T14:59:42.748Z] Checked if tokens are valid: true, expires at: 1779033500128
[debug] [2026-05-17T14:59:42.748Z] Checked if tokens are valid: true, expires at: 1779033500128
[debug] [2026-05-17T14:59:42.748Z] Checked if tokens are valid: true, expires at: 1779033500128
[debug] [2026-05-17T14:59:42.748Z] Checked if tokens are valid: true, expires at: 1779033500128
[debug] [2026-05-17T14:59:42.749Z] Checked if tokens are valid: true, expires at: 1779033500128
[debug] [2026-05-17T14:59:42.749Z] Checked if tokens are valid: true, expires at: 1779033500128
[debug] [2026-05-17T14:59:42.749Z] Checked if tokens are valid: true, expires at: 1779033500128
[debug] [2026-05-17T14:59:42.749Z] Checked if tokens are valid: true, expires at: 1779033500128
[debug] [2026-05-17T14:59:42.749Z] Checked if tokens are valid: true, expires at: 1779033500128
[debug] [2026-05-17T14:59:42.749Z] Checked if tokens are valid: true, expires at: 1779033500128
[debug] [2026-05-17T14:59:42.749Z] Checked if tokens are valid: true, expires at: 1779033500128
[debug] [2026-05-17T14:59:42.749Z] Checked if tokens are valid: true, expires at: 1779033500128
[debug] [2026-05-17T14:59:42.749Z] Checked if tokens are valid: true, expires at: 1779033500128
[debug] [2026-05-17T14:59:42.750Z] Checked if tokens are valid: true, expires at: 1779033500128
[debug] [2026-05-17T14:59:42.750Z] Checked if tokens are valid: true, expires at: 1779033500128
[debug] [2026-05-17T14:59:42.750Z] Checked if tokens are valid: true, expires at: 1779033500128
[debug] [2026-05-17T14:59:42.750Z] Checked if tokens are valid: true, expires at: 1779033500128
[debug] [2026-05-17T14:59:42.750Z] Checked if tokens are valid: true, expires at: 1779033500128
[debug] [2026-05-17T14:59:42.750Z] Checked if tokens are valid: true, expires at: 1779033500128
[debug] [2026-05-17T14:59:42.750Z] Checked if tokens are valid: true, expires at: 1779033500128
[debug] [2026-05-17T14:59:42.750Z] Checked if tokens are valid: true, expires at: 1779033500128
[debug] [2026-05-17T14:59:42.750Z] Checked if tokens are valid: true, expires at: 1779033500128
[debug] [2026-05-17T14:59:42.750Z] Checked if tokens are valid: true, expires at: 1779033500128
[debug] [2026-05-17T14:59:42.750Z] Checked if tokens are valid: true, expires at: 1779033500128
[debug] [2026-05-17T14:59:42.751Z] Checked if tokens are valid: true, expires at: 1779033500128
[debug] [2026-05-17T14:59:42.751Z] Checked if tokens are valid: true, expires at: 1779033500128
[debug] [2026-05-17T14:59:42.751Z] Checked if tokens are valid: true, expires at: 1779033500128
[debug] [2026-05-17T14:59:42.751Z] Checked if tokens are valid: true, expires at: 1779033500128
[debug] [2026-05-17T14:59:42.751Z] Checked if tokens are valid: true, expires at: 1779033500128
[debug] [2026-05-17T14:59:42.751Z] Checked if tokens are valid: true, expires at: 1779033500128
[debug] [2026-05-17T14:59:42.751Z] Checked if tokens are valid: true, expires at: 1779033500128
[debug] [2026-05-17T14:59:42.751Z] Checked if tokens are valid: true, expires at: 1779033500128
[debug] [2026-05-17T14:59:42.753Z] Checked if tokens are valid: true, expires at: 1779033500128
[debug] [2026-05-17T14:59:42.753Z] Checked if tokens are valid: true, expires at: 1779033500128
[debug] [2026-05-17T14:59:42.753Z] Checked if tokens are valid: true, expires at: 1779033500128
[debug] [2026-05-17T14:59:42.753Z] Checked if tokens are valid: true, expires at: 1779033500128
[debug] [2026-05-17T14:59:42.753Z] Checked if tokens are valid: true, expires at: 1779033500128
[debug] [2026-05-17T14:59:42.753Z] Checked if tokens are valid: true, expires at: 1779033500128
[debug] [2026-05-17T14:59:42.753Z] Checked if tokens are valid: true, expires at: 1779033500128
[debug] [2026-05-17T14:59:42.753Z] Checked if tokens are valid: true, expires at: 1779033500128
[debug] [2026-05-17T14:59:42.753Z] Checked if tokens are valid: true, expires at: 1779033500128
[debug] [2026-05-17T14:59:42.754Z] Checked if tokens are valid: true, expires at: 1779033500128
[debug] [2026-05-17T14:59:42.754Z] Checked if tokens are valid: true, expires at: 1779033500128
[debug] [2026-05-17T14:59:42.754Z] Checked if tokens are valid: true, expires at: 1779033500128
[debug] [2026-05-17T14:59:42.754Z] >>> [apiv2][query] POST https://upload-firebasehosting.googleapis.com/upload/sites/tontine-web/versions/b8da13969f1eb723/files/d846eb474d46bc49b2e2c6df7baaf37aaeff06efc0e07535c84a457485ad7ecd [none]
[debug] [2026-05-17T14:59:42.754Z] >>> [apiv2][body] POST https://upload-firebasehosting.googleapis.com/upload/sites/tontine-web/versions/b8da13969f1eb723/files/d846eb474d46bc49b2e2c6df7baaf37aaeff06efc0e07535c84a457485ad7ecd [stream]
[debug] [2026-05-17T14:59:42.756Z] >>> [apiv2][query] POST https://upload-firebasehosting.googleapis.com/upload/sites/tontine-web/versions/b8da13969f1eb723/files/a35ef3a596e80da7f00dd8ce1abac5bb3de29998beb7a58fc425ea00cdb36089 [none]
[debug] [2026-05-17T14:59:42.756Z] >>> [apiv2][body] POST https://upload-firebasehosting.googleapis.com/upload/sites/tontine-web/versions/b8da13969f1eb723/files/a35ef3a596e80da7f00dd8ce1abac5bb3de29998beb7a58fc425ea00cdb36089 [stream]
[debug] [2026-05-17T14:59:42.757Z] >>> [apiv2][query] POST https://upload-firebasehosting.googleapis.com/upload/sites/tontine-web/versions/b8da13969f1eb723/files/5f089739d5cb796b9eb682ef789f45c4ed4b4f2a45e750f76a4658ee84c2432f [none]
[debug] [2026-05-17T14:59:42.757Z] >>> [apiv2][body] POST https://upload-firebasehosting.googleapis.com/upload/sites/tontine-web/versions/b8da13969f1eb723/files/5f089739d5cb796b9eb682ef789f45c4ed4b4f2a45e750f76a4658ee84c2432f [stream]
[debug] [2026-05-17T14:59:42.758Z] >>> [apiv2][query] POST https://upload-firebasehosting.googleapis.com/upload/sites/tontine-web/versions/b8da13969f1eb723/files/79a820a1825c852018f31e49ae16300da3822c96466aef64f58d73d6fcc60a09 [none]
[debug] [2026-05-17T14:59:42.758Z] >>> [apiv2][body] POST https://upload-firebasehosting.googleapis.com/upload/sites/tontine-web/versions/b8da13969f1eb723/files/79a820a1825c852018f31e49ae16300da3822c96466aef64f58d73d6fcc60a09 [stream]
[debug] [2026-05-17T14:59:42.760Z] >>> [apiv2][query] POST https://upload-firebasehosting.googleapis.com/upload/sites/tontine-web/versions/b8da13969f1eb723/files/9104d7ee94587d5a9455f5e2e347434a223db730e3ba219ab9e4f144e2c85806 [none]
[debug] [2026-05-17T14:59:42.760Z] >>> [apiv2][body] POST https://upload-firebasehosting.googleapis.com/upload/sites/tontine-web/versions/b8da13969f1eb723/files/9104d7ee94587d5a9455f5e2e347434a223db730e3ba219ab9e4f144e2c85806 [stream]
[debug] [2026-05-17T14:59:42.761Z] >>> [apiv2][query] POST https://upload-firebasehosting.googleapis.com/upload/sites/tontine-web/versions/b8da13969f1eb723/files/753715359c786b33ed6792da4533c1dc5d8cfc73d5107ba3ab55d01961088ebb [none]
[debug] [2026-05-17T14:59:42.761Z] >>> [apiv2][body] POST https://upload-firebasehosting.googleapis.com/upload/sites/tontine-web/versions/b8da13969f1eb723/files/753715359c786b33ed6792da4533c1dc5d8cfc73d5107ba3ab55d01961088ebb [stream]
[debug] [2026-05-17T14:59:42.762Z] >>> [apiv2][query] POST https://upload-firebasehosting.googleapis.com/upload/sites/tontine-web/versions/b8da13969f1eb723/files/8f242b6d5fff3562caf5a1180515d520abe99ef648fc67a9cedf9e1632e0352b [none]
[debug] [2026-05-17T14:59:42.762Z] >>> [apiv2][body] POST https://upload-firebasehosting.googleapis.com/upload/sites/tontine-web/versions/b8da13969f1eb723/files/8f242b6d5fff3562caf5a1180515d520abe99ef648fc67a9cedf9e1632e0352b [stream]
[debug] [2026-05-17T14:59:42.763Z] >>> [apiv2][query] POST https://upload-firebasehosting.googleapis.com/upload/sites/tontine-web/versions/b8da13969f1eb723/files/b1aa59a49eb2a39e0ce2cdce9bad82fb8a0b7541cb5a67576455fba0007a718b [none]
[debug] [2026-05-17T14:59:42.763Z] >>> [apiv2][body] POST https://upload-firebasehosting.googleapis.com/upload/sites/tontine-web/versions/b8da13969f1eb723/files/b1aa59a49eb2a39e0ce2cdce9bad82fb8a0b7541cb5a67576455fba0007a718b [stream]
[debug] [2026-05-17T14:59:42.765Z] >>> [apiv2][query] POST https://upload-firebasehosting.googleapis.com/upload/sites/tontine-web/versions/b8da13969f1eb723/files/53533346fd8f7e20004a68ac88481fa621bc225f2a72a97b164d5c9d9efba2c6 [none]
[debug] [2026-05-17T14:59:42.765Z] >>> [apiv2][body] POST https://upload-firebasehosting.googleapis.com/upload/sites/tontine-web/versions/b8da13969f1eb723/files/53533346fd8f7e20004a68ac88481fa621bc225f2a72a97b164d5c9d9efba2c6 [stream]
[debug] [2026-05-17T14:59:42.765Z] >>> [apiv2][query] POST https://upload-firebasehosting.googleapis.com/upload/sites/tontine-web/versions/b8da13969f1eb723/files/266d8bbe283386b57cb275b33fc5c3a8a0b39de59b15546eed26124531473303 [none]
[debug] [2026-05-17T14:59:42.766Z] >>> [apiv2][body] POST https://upload-firebasehosting.googleapis.com/upload/sites/tontine-web/versions/b8da13969f1eb723/files/266d8bbe283386b57cb275b33fc5c3a8a0b39de59b15546eed26124531473303 [stream]
[debug] [2026-05-17T14:59:42.766Z] >>> [apiv2][query] POST https://upload-firebasehosting.googleapis.com/upload/sites/tontine-web/versions/b8da13969f1eb723/files/8d0af5d1dd416dc5b0875082524c03da2b60e93712950327c43f401225ea7a26 [none]
[debug] [2026-05-17T14:59:42.766Z] >>> [apiv2][body] POST https://upload-firebasehosting.googleapis.com/upload/sites/tontine-web/versions/b8da13969f1eb723/files/8d0af5d1dd416dc5b0875082524c03da2b60e93712950327c43f401225ea7a26 [stream]
[debug] [2026-05-17T14:59:42.767Z] >>> [apiv2][query] POST https://upload-firebasehosting.googleapis.com/upload/sites/tontine-web/versions/b8da13969f1eb723/files/f9ebb2b31aa40ee9ad9bc47c290120bf0ce435c316bbdbc5879211a8f1bc5e12 [none]
[debug] [2026-05-17T14:59:42.767Z] >>> [apiv2][body] POST https://upload-firebasehosting.googleapis.com/upload/sites/tontine-web/versions/b8da13969f1eb723/files/f9ebb2b31aa40ee9ad9bc47c290120bf0ce435c316bbdbc5879211a8f1bc5e12 [stream]
[debug] [2026-05-17T14:59:42.768Z] >>> [apiv2][query] POST https://upload-firebasehosting.googleapis.com/upload/sites/tontine-web/versions/b8da13969f1eb723/files/fd601543683065396dd55966f01ad658b4985fc0da8a382d6a0d8cf7aa1e1958 [none]
[debug] [2026-05-17T14:59:42.768Z] >>> [apiv2][body] POST https://upload-firebasehosting.googleapis.com/upload/sites/tontine-web/versions/b8da13969f1eb723/files/fd601543683065396dd55966f01ad658b4985fc0da8a382d6a0d8cf7aa1e1958 [stream]
[debug] [2026-05-17T14:59:42.768Z] >>> [apiv2][query] POST https://upload-firebasehosting.googleapis.com/upload/sites/tontine-web/versions/b8da13969f1eb723/files/930ac2d5e201c25d6989ef76569b22214b5d3db31615ba2f5fa88f91a1f1f205 [none]
[debug] [2026-05-17T14:59:42.768Z] >>> [apiv2][body] POST https://upload-firebasehosting.googleapis.com/upload/sites/tontine-web/versions/b8da13969f1eb723/files/930ac2d5e201c25d6989ef76569b22214b5d3db31615ba2f5fa88f91a1f1f205 [stream]
[debug] [2026-05-17T14:59:42.770Z] >>> [apiv2][query] POST https://upload-firebasehosting.googleapis.com/upload/sites/tontine-web/versions/b8da13969f1eb723/files/bda590092bd439b33da5b51de7ddcb9b36069767bebac33f13b0c558cf23bd49 [none]
[debug] [2026-05-17T14:59:42.770Z] >>> [apiv2][body] POST https://upload-firebasehosting.googleapis.com/upload/sites/tontine-web/versions/b8da13969f1eb723/files/bda590092bd439b33da5b51de7ddcb9b36069767bebac33f13b0c558cf23bd49 [stream]
[debug] [2026-05-17T14:59:42.771Z] >>> [apiv2][query] POST https://upload-firebasehosting.googleapis.com/upload/sites/tontine-web/versions/b8da13969f1eb723/files/9cb653c1a815ad0c50ea2be989812f8ccdebbb2d6bae78985e805d16fdc65662 [none]
[debug] [2026-05-17T14:59:42.771Z] >>> [apiv2][body] POST https://upload-firebasehosting.googleapis.com/upload/sites/tontine-web/versions/b8da13969f1eb723/files/9cb653c1a815ad0c50ea2be989812f8ccdebbb2d6bae78985e805d16fdc65662 [stream]
[debug] [2026-05-17T14:59:42.771Z] >>> [apiv2][query] POST https://upload-firebasehosting.googleapis.com/upload/sites/tontine-web/versions/b8da13969f1eb723/files/8a560b4c830180983dca73a2588b8bdc3e57166762ab187177b2df500f1f1a75 [none]
[debug] [2026-05-17T14:59:42.772Z] >>> [apiv2][body] POST https://upload-firebasehosting.googleapis.com/upload/sites/tontine-web/versions/b8da13969f1eb723/files/8a560b4c830180983dca73a2588b8bdc3e57166762ab187177b2df500f1f1a75 [stream]
[debug] [2026-05-17T14:59:42.772Z] >>> [apiv2][query] POST https://upload-firebasehosting.googleapis.com/upload/sites/tontine-web/versions/b8da13969f1eb723/files/2f7c643976db2c39985ae175b0c34ae2b27ed4f91ec322a057f2e8c4dc34d229 [none]
[debug] [2026-05-17T14:59:42.772Z] >>> [apiv2][body] POST https://upload-firebasehosting.googleapis.com/upload/sites/tontine-web/versions/b8da13969f1eb723/files/2f7c643976db2c39985ae175b0c34ae2b27ed4f91ec322a057f2e8c4dc34d229 [stream]
[debug] [2026-05-17T14:59:42.773Z] >>> [apiv2][query] POST https://upload-firebasehosting.googleapis.com/upload/sites/tontine-web/versions/b8da13969f1eb723/files/3b2e8cdc09f8c76e1d1366c2487961743f8e6ba36ae5ee68b590c3622412cb98 [none]
[debug] [2026-05-17T14:59:42.773Z] >>> [apiv2][body] POST https://upload-firebasehosting.googleapis.com/upload/sites/tontine-web/versions/b8da13969f1eb723/files/3b2e8cdc09f8c76e1d1366c2487961743f8e6ba36ae5ee68b590c3622412cb98 [stream]
[debug] [2026-05-17T14:59:42.774Z] >>> [apiv2][query] POST https://upload-firebasehosting.googleapis.com/upload/sites/tontine-web/versions/b8da13969f1eb723/files/36507eb98b70f6accd5fdcbbde836e389e01bc525f4731a5bf695b26f0f1d3a0 [none]
[debug] [2026-05-17T14:59:42.774Z] >>> [apiv2][body] POST https://upload-firebasehosting.googleapis.com/upload/sites/tontine-web/versions/b8da13969f1eb723/files/36507eb98b70f6accd5fdcbbde836e389e01bc525f4731a5bf695b26f0f1d3a0 [stream]
[debug] [2026-05-17T14:59:42.775Z] >>> [apiv2][query] POST https://upload-firebasehosting.googleapis.com/upload/sites/tontine-web/versions/b8da13969f1eb723/files/2add0cc793219edd4c7e298d6081d94db083b1d7daa7610f3dd95aaf8a6ea62e [none]
[debug] [2026-05-17T14:59:42.775Z] >>> [apiv2][body] POST https://upload-firebasehosting.googleapis.com/upload/sites/tontine-web/versions/b8da13969f1eb723/files/2add0cc793219edd4c7e298d6081d94db083b1d7daa7610f3dd95aaf8a6ea62e [stream]
[debug] [2026-05-17T14:59:42.775Z] >>> [apiv2][query] POST https://upload-firebasehosting.googleapis.com/upload/sites/tontine-web/versions/b8da13969f1eb723/files/2f2b580419a8475291097a7cb29e60eb218e94a3dc3e9f3ca1399af64d5d4c23 [none]
[debug] [2026-05-17T14:59:42.775Z] >>> [apiv2][body] POST https://upload-firebasehosting.googleapis.com/upload/sites/tontine-web/versions/b8da13969f1eb723/files/2f2b580419a8475291097a7cb29e60eb218e94a3dc3e9f3ca1399af64d5d4c23 [stream]
[debug] [2026-05-17T14:59:42.776Z] >>> [apiv2][query] POST https://upload-firebasehosting.googleapis.com/upload/sites/tontine-web/versions/b8da13969f1eb723/files/775ea2fa98d1f9b3b2d2121f64a1037be772da1b38d6fe775bdd76dd8f9531cd [none]
[debug] [2026-05-17T14:59:42.776Z] >>> [apiv2][body] POST https://upload-firebasehosting.googleapis.com/upload/sites/tontine-web/versions/b8da13969f1eb723/files/775ea2fa98d1f9b3b2d2121f64a1037be772da1b38d6fe775bdd76dd8f9531cd [stream]
[debug] [2026-05-17T14:59:42.777Z] >>> [apiv2][query] POST https://upload-firebasehosting.googleapis.com/upload/sites/tontine-web/versions/b8da13969f1eb723/files/8d6e95960b2ccece5b59248355faf8773db7f7b6387ee185ab0e10bbf5bc9cd1 [none]
[debug] [2026-05-17T14:59:42.777Z] >>> [apiv2][body] POST https://upload-firebasehosting.googleapis.com/upload/sites/tontine-web/versions/b8da13969f1eb723/files/8d6e95960b2ccece5b59248355faf8773db7f7b6387ee185ab0e10bbf5bc9cd1 [stream]
[debug] [2026-05-17T14:59:42.778Z] >>> [apiv2][query] POST https://upload-firebasehosting.googleapis.com/upload/sites/tontine-web/versions/b8da13969f1eb723/files/13b61fcd248178f644acf9a1b8a1ffee44610871a0d994f825eb600b610bb5fb [none]
[debug] [2026-05-17T14:59:42.778Z] >>> [apiv2][body] POST https://upload-firebasehosting.googleapis.com/upload/sites/tontine-web/versions/b8da13969f1eb723/files/13b61fcd248178f644acf9a1b8a1ffee44610871a0d994f825eb600b610bb5fb [stream]
[debug] [2026-05-17T14:59:42.779Z] >>> [apiv2][query] POST https://upload-firebasehosting.googleapis.com/upload/sites/tontine-web/versions/b8da13969f1eb723/files/5d2c9fd23a60f5baf3ea7f75ddd9a165bb70795474bb5bd124b9298e4f46038a [none]
[debug] [2026-05-17T14:59:42.779Z] >>> [apiv2][body] POST https://upload-firebasehosting.googleapis.com/upload/sites/tontine-web/versions/b8da13969f1eb723/files/5d2c9fd23a60f5baf3ea7f75ddd9a165bb70795474bb5bd124b9298e4f46038a [stream]
[debug] [2026-05-17T14:59:42.780Z] >>> [apiv2][query] POST https://upload-firebasehosting.googleapis.com/upload/sites/tontine-web/versions/b8da13969f1eb723/files/be7210809a74ab4f1c510bb5b82dd63d9c2c3359f2371c0f7de45c7a32207f1c [none]
[debug] [2026-05-17T14:59:42.780Z] >>> [apiv2][body] POST https://upload-firebasehosting.googleapis.com/upload/sites/tontine-web/versions/b8da13969f1eb723/files/be7210809a74ab4f1c510bb5b82dd63d9c2c3359f2371c0f7de45c7a32207f1c [stream]
[debug] [2026-05-17T14:59:42.781Z] >>> [apiv2][query] POST https://upload-firebasehosting.googleapis.com/upload/sites/tontine-web/versions/b8da13969f1eb723/files/444c51859bfd7c9abc7516c017b0e0cc7cee4f8cd67ea6fc93709fc2af87890d [none]
[debug] [2026-05-17T14:59:42.781Z] >>> [apiv2][body] POST https://upload-firebasehosting.googleapis.com/upload/sites/tontine-web/versions/b8da13969f1eb723/files/444c51859bfd7c9abc7516c017b0e0cc7cee4f8cd67ea6fc93709fc2af87890d [stream]
[debug] [2026-05-17T14:59:42.781Z] >>> [apiv2][query] POST https://upload-firebasehosting.googleapis.com/upload/sites/tontine-web/versions/b8da13969f1eb723/files/b1c746360fe9bfab6d3a00dd4f6918e82bec83c4833ea9ed2e93d23f5774254b [none]
[debug] [2026-05-17T14:59:42.781Z] >>> [apiv2][body] POST https://upload-firebasehosting.googleapis.com/upload/sites/tontine-web/versions/b8da13969f1eb723/files/b1c746360fe9bfab6d3a00dd4f6918e82bec83c4833ea9ed2e93d23f5774254b [stream]
[debug] [2026-05-17T14:59:42.782Z] >>> [apiv2][query] POST https://upload-firebasehosting.googleapis.com/upload/sites/tontine-web/versions/b8da13969f1eb723/files/1b5e791c04d1ca3240d5e0b990386e56d62659161fe665514a9536dae46eed93 [none]
[debug] [2026-05-17T14:59:42.782Z] >>> [apiv2][body] POST https://upload-firebasehosting.googleapis.com/upload/sites/tontine-web/versions/b8da13969f1eb723/files/1b5e791c04d1ca3240d5e0b990386e56d62659161fe665514a9536dae46eed93 [stream]
[debug] [2026-05-17T14:59:42.783Z] >>> [apiv2][query] POST https://upload-firebasehosting.googleapis.com/upload/sites/tontine-web/versions/b8da13969f1eb723/files/1840d5a662d73ef08e421566249e3815578b7e18188e089e840455a89fd00d7c [none]
[debug] [2026-05-17T14:59:42.783Z] >>> [apiv2][body] POST https://upload-firebasehosting.googleapis.com/upload/sites/tontine-web/versions/b8da13969f1eb723/files/1840d5a662d73ef08e421566249e3815578b7e18188e089e840455a89fd00d7c [stream]
[debug] [2026-05-17T14:59:42.783Z] >>> [apiv2][query] POST https://upload-firebasehosting.googleapis.com/upload/sites/tontine-web/versions/b8da13969f1eb723/files/64a9e5b42c134ceb538af9c133b1096e408a2a755869eb85c8d17a14a13d493e [none]
[debug] [2026-05-17T14:59:42.784Z] >>> [apiv2][body] POST https://upload-firebasehosting.googleapis.com/upload/sites/tontine-web/versions/b8da13969f1eb723/files/64a9e5b42c134ceb538af9c133b1096e408a2a755869eb85c8d17a14a13d493e [stream]
[debug] [2026-05-17T14:59:42.784Z] >>> [apiv2][query] POST https://upload-firebasehosting.googleapis.com/upload/sites/tontine-web/versions/b8da13969f1eb723/files/2a731f9b707fd42de780f124a521203825e522f94593063f8962a0d42b437805 [none]
[debug] [2026-05-17T14:59:42.784Z] >>> [apiv2][body] POST https://upload-firebasehosting.googleapis.com/upload/sites/tontine-web/versions/b8da13969f1eb723/files/2a731f9b707fd42de780f124a521203825e522f94593063f8962a0d42b437805 [stream]
[debug] [2026-05-17T14:59:42.785Z] >>> [apiv2][query] POST https://upload-firebasehosting.googleapis.com/upload/sites/tontine-web/versions/b8da13969f1eb723/files/e9d1912e941d59d8d860f69d3a116fca52eccea8f9ebe8c3053a5c84d663e85d [none]
[debug] [2026-05-17T14:59:42.785Z] >>> [apiv2][body] POST https://upload-firebasehosting.googleapis.com/upload/sites/tontine-web/versions/b8da13969f1eb723/files/e9d1912e941d59d8d860f69d3a116fca52eccea8f9ebe8c3053a5c84d663e85d [stream]
[debug] [2026-05-17T14:59:42.786Z] >>> [apiv2][query] POST https://upload-firebasehosting.googleapis.com/upload/sites/tontine-web/versions/b8da13969f1eb723/files/d12cace7466cdaae9c0f74cff0e8c37ec6fb1458fa549dbbbd6dc0dc7fb3cec5 [none]
[debug] [2026-05-17T14:59:42.786Z] >>> [apiv2][body] POST https://upload-firebasehosting.googleapis.com/upload/sites/tontine-web/versions/b8da13969f1eb723/files/d12cace7466cdaae9c0f74cff0e8c37ec6fb1458fa549dbbbd6dc0dc7fb3cec5 [stream]
[debug] [2026-05-17T14:59:42.787Z] >>> [apiv2][query] POST https://upload-firebasehosting.googleapis.com/upload/sites/tontine-web/versions/b8da13969f1eb723/files/c8c1e4c4ccb5b6529b4cc3e9aeeec7937e38670e34ecfb2e1115cb902c0e4ad0 [none]
[debug] [2026-05-17T14:59:42.787Z] >>> [apiv2][body] POST https://upload-firebasehosting.googleapis.com/upload/sites/tontine-web/versions/b8da13969f1eb723/files/c8c1e4c4ccb5b6529b4cc3e9aeeec7937e38670e34ecfb2e1115cb902c0e4ad0 [stream]
[debug] [2026-05-17T14:59:42.788Z] >>> [apiv2][query] POST https://upload-firebasehosting.googleapis.com/upload/sites/tontine-web/versions/b8da13969f1eb723/files/5c1b6aebd57eb3481d2a1bd2d353d960fa450f970b06a10c15a55dacdb90956e [none]
[debug] [2026-05-17T14:59:42.788Z] >>> [apiv2][body] POST https://upload-firebasehosting.googleapis.com/upload/sites/tontine-web/versions/b8da13969f1eb723/files/5c1b6aebd57eb3481d2a1bd2d353d960fa450f970b06a10c15a55dacdb90956e [stream]
[debug] [2026-05-17T14:59:42.789Z] >>> [apiv2][query] POST https://upload-firebasehosting.googleapis.com/upload/sites/tontine-web/versions/b8da13969f1eb723/files/1436f658124f9a2ae24181c0b66d5766d49c7538420f54148c756069b3b0b5e5 [none]
[debug] [2026-05-17T14:59:42.790Z] >>> [apiv2][body] POST https://upload-firebasehosting.googleapis.com/upload/sites/tontine-web/versions/b8da13969f1eb723/files/1436f658124f9a2ae24181c0b66d5766d49c7538420f54148c756069b3b0b5e5 [stream]
[debug] [2026-05-17T14:59:42.790Z] >>> [apiv2][query] POST https://upload-firebasehosting.googleapis.com/upload/sites/tontine-web/versions/b8da13969f1eb723/files/0b80f0417b75218df4e15e2c2d621b3bbbd8a191739de50f5f925fa99949ae44 [none]
[debug] [2026-05-17T14:59:42.791Z] >>> [apiv2][body] POST https://upload-firebasehosting.googleapis.com/upload/sites/tontine-web/versions/b8da13969f1eb723/files/0b80f0417b75218df4e15e2c2d621b3bbbd8a191739de50f5f925fa99949ae44 [stream]
[debug] [2026-05-17T14:59:42.791Z] >>> [apiv2][query] POST https://upload-firebasehosting.googleapis.com/upload/sites/tontine-web/versions/b8da13969f1eb723/files/89efc3e333f7fe130a0f32517724235475be1ad1695b5da9505f28b503356b09 [none]
[debug] [2026-05-17T14:59:42.792Z] >>> [apiv2][body] POST https://upload-firebasehosting.googleapis.com/upload/sites/tontine-web/versions/b8da13969f1eb723/files/89efc3e333f7fe130a0f32517724235475be1ad1695b5da9505f28b503356b09 [stream]
[debug] [2026-05-17T14:59:42.792Z] >>> [apiv2][query] POST https://upload-firebasehosting.googleapis.com/upload/sites/tontine-web/versions/b8da13969f1eb723/files/5fd6db8359c0f9812777f3dbdaa5270c59a9ea81a0efc6e8c4556d02e7f7f9a7 [none]
[debug] [2026-05-17T14:59:42.793Z] >>> [apiv2][body] POST https://upload-firebasehosting.googleapis.com/upload/sites/tontine-web/versions/b8da13969f1eb723/files/5fd6db8359c0f9812777f3dbdaa5270c59a9ea81a0efc6e8c4556d02e7f7f9a7 [stream]
[debug] [2026-05-17T14:59:42.793Z] >>> [apiv2][query] POST https://upload-firebasehosting.googleapis.com/upload/sites/tontine-web/versions/b8da13969f1eb723/files/882a095aef0403e93a4c6a83e0309853cad3290e3cd6c20f2dfa208968dc0cdc [none]
[debug] [2026-05-17T14:59:42.794Z] >>> [apiv2][body] POST https://upload-firebasehosting.googleapis.com/upload/sites/tontine-web/versions/b8da13969f1eb723/files/882a095aef0403e93a4c6a83e0309853cad3290e3cd6c20f2dfa208968dc0cdc [stream]
[debug] [2026-05-17T14:59:42.795Z] >>> [apiv2][query] POST https://upload-firebasehosting.googleapis.com/upload/sites/tontine-web/versions/b8da13969f1eb723/files/acb27bdeff9511c329e64b7b6888548679452c1e08933419ffbc427146652db1 [none]
[debug] [2026-05-17T14:59:42.795Z] >>> [apiv2][body] POST https://upload-firebasehosting.googleapis.com/upload/sites/tontine-web/versions/b8da13969f1eb723/files/acb27bdeff9511c329e64b7b6888548679452c1e08933419ffbc427146652db1 [stream]
[debug] [2026-05-17T14:59:42.796Z] >>> [apiv2][query] POST https://upload-firebasehosting.googleapis.com/upload/sites/tontine-web/versions/b8da13969f1eb723/files/edfc19bb674ee50520debebd73c5063ad1d6daad3cba0d4e8f6514217ce4128a [none]
[debug] [2026-05-17T14:59:42.796Z] >>> [apiv2][body] POST https://upload-firebasehosting.googleapis.com/upload/sites/tontine-web/versions/b8da13969f1eb723/files/edfc19bb674ee50520debebd73c5063ad1d6daad3cba0d4e8f6514217ce4128a [stream]
[debug] [2026-05-17T14:59:42.796Z] >>> [apiv2][query] POST https://upload-firebasehosting.googleapis.com/upload/sites/tontine-web/versions/b8da13969f1eb723/files/b74926f8c78fa133f90ac68a197aea60612fd52442eb0b199a509f3529dd6b5a [none]
[debug] [2026-05-17T14:59:42.796Z] >>> [apiv2][body] POST https://upload-firebasehosting.googleapis.com/upload/sites/tontine-web/versions/b8da13969f1eb723/files/b74926f8c78fa133f90ac68a197aea60612fd52442eb0b199a509f3529dd6b5a [stream]
[debug] [2026-05-17T14:59:42.797Z] >>> [apiv2][query] POST https://upload-firebasehosting.googleapis.com/upload/sites/tontine-web/versions/b8da13969f1eb723/files/b6d9ce52a13e646fc24de45fc1513ce00154ab65c039303919a28e0b9633934b [none]
[debug] [2026-05-17T14:59:42.797Z] >>> [apiv2][body] POST https://upload-firebasehosting.googleapis.com/upload/sites/tontine-web/versions/b8da13969f1eb723/files/b6d9ce52a13e646fc24de45fc1513ce00154ab65c039303919a28e0b9633934b [stream]
[debug] [2026-05-17T14:59:42.797Z] >>> [apiv2][query] POST https://upload-firebasehosting.googleapis.com/upload/sites/tontine-web/versions/b8da13969f1eb723/files/c4d5f69679829ee11efc329df99f685fdd66aa8c50c226a5c4ab4cde7d67b11c [none]
[debug] [2026-05-17T14:59:42.797Z] >>> [apiv2][body] POST https://upload-firebasehosting.googleapis.com/upload/sites/tontine-web/versions/b8da13969f1eb723/files/c4d5f69679829ee11efc329df99f685fdd66aa8c50c226a5c4ab4cde7d67b11c [stream]
[debug] [2026-05-17T14:59:42.798Z] >>> [apiv2][query] POST https://upload-firebasehosting.googleapis.com/upload/sites/tontine-web/versions/b8da13969f1eb723/files/9f9013f058d78694c55237293d7394bcc41716fc7bbd9f1c29f3a37592c6e959 [none]
[debug] [2026-05-17T14:59:42.798Z] >>> [apiv2][body] POST https://upload-firebasehosting.googleapis.com/upload/sites/tontine-web/versions/b8da13969f1eb723/files/9f9013f058d78694c55237293d7394bcc41716fc7bbd9f1c29f3a37592c6e959 [stream]
[debug] [2026-05-17T14:59:42.799Z] >>> [apiv2][query] POST https://upload-firebasehosting.googleapis.com/upload/sites/tontine-web/versions/b8da13969f1eb723/files/c3a4ad8a2d36bbf5cb2a266b1f6a3ca79375084da46fbc205cd51df56b1b724a [none]
[debug] [2026-05-17T14:59:42.799Z] >>> [apiv2][body] POST https://upload-firebasehosting.googleapis.com/upload/sites/tontine-web/versions/b8da13969f1eb723/files/c3a4ad8a2d36bbf5cb2a266b1f6a3ca79375084da46fbc205cd51df56b1b724a [stream]
[debug] [2026-05-17T14:59:42.799Z] >>> [apiv2][query] POST https://upload-firebasehosting.googleapis.com/upload/sites/tontine-web/versions/b8da13969f1eb723/files/a7fabc54fb0569fe5d3cc16e5bc3d9964df073e7f1b67699105489e9af1d32d6 [none]
[debug] [2026-05-17T14:59:42.799Z] >>> [apiv2][body] POST https://upload-firebasehosting.googleapis.com/upload/sites/tontine-web/versions/b8da13969f1eb723/files/a7fabc54fb0569fe5d3cc16e5bc3d9964df073e7f1b67699105489e9af1d32d6 [stream]
[debug] [2026-05-17T14:59:42.800Z] >>> [apiv2][query] POST https://upload-firebasehosting.googleapis.com/upload/sites/tontine-web/versions/b8da13969f1eb723/files/849b97af27a933bbecf85117f2d031b06dc603bd607f5289e11a0ea419fd1a8c [none]
[debug] [2026-05-17T14:59:42.800Z] >>> [apiv2][body] POST https://upload-firebasehosting.googleapis.com/upload/sites/tontine-web/versions/b8da13969f1eb723/files/849b97af27a933bbecf85117f2d031b06dc603bd607f5289e11a0ea419fd1a8c [stream]
[debug] [2026-05-17T14:59:42.801Z] >>> [apiv2][query] POST https://upload-firebasehosting.googleapis.com/upload/sites/tontine-web/versions/b8da13969f1eb723/files/3c796d8a921d22b725dff0e759b7f86313c1adb3ad8ef513977c84b72e2c8628 [none]
[debug] [2026-05-17T14:59:42.801Z] >>> [apiv2][body] POST https://upload-firebasehosting.googleapis.com/upload/sites/tontine-web/versions/b8da13969f1eb723/files/3c796d8a921d22b725dff0e759b7f86313c1adb3ad8ef513977c84b72e2c8628 [stream]
[debug] [2026-05-17T14:59:42.801Z] >>> [apiv2][query] POST https://upload-firebasehosting.googleapis.com/upload/sites/tontine-web/versions/b8da13969f1eb723/files/355eb91702b89c5a68b046e696325775cc5063a18947280cdc70649922e3895b [none]
[debug] [2026-05-17T14:59:42.801Z] >>> [apiv2][body] POST https://upload-firebasehosting.googleapis.com/upload/sites/tontine-web/versions/b8da13969f1eb723/files/355eb91702b89c5a68b046e696325775cc5063a18947280cdc70649922e3895b [stream]
[debug] [2026-05-17T14:59:42.802Z] >>> [apiv2][query] POST https://upload-firebasehosting.googleapis.com/upload/sites/tontine-web/versions/b8da13969f1eb723/files/66384c29fb48a398fd5849b906ad7015467d62e6a816a066732f02439e3f7c7b [none]
[debug] [2026-05-17T14:59:42.802Z] >>> [apiv2][body] POST https://upload-firebasehosting.googleapis.com/upload/sites/tontine-web/versions/b8da13969f1eb723/files/66384c29fb48a398fd5849b906ad7015467d62e6a816a066732f02439e3f7c7b [stream]
[debug] [2026-05-17T14:59:42.802Z] >>> [apiv2][query] POST https://upload-firebasehosting.googleapis.com/upload/sites/tontine-web/versions/b8da13969f1eb723/files/c9a83297240280b03d9cc8efa9150bf33ad2d21eaa543baf41f493bc7b1430f4 [none]
[debug] [2026-05-17T14:59:42.803Z] >>> [apiv2][body] POST https://upload-firebasehosting.googleapis.com/upload/sites/tontine-web/versions/b8da13969f1eb723/files/c9a83297240280b03d9cc8efa9150bf33ad2d21eaa543baf41f493bc7b1430f4 [stream]
[debug] [2026-05-17T14:59:42.803Z] >>> [apiv2][query] POST https://upload-firebasehosting.googleapis.com/upload/sites/tontine-web/versions/b8da13969f1eb723/files/bf2a6f5db6301c2da885918f968577c1b62a411b58b13e905b33956af06b65f1 [none]
[debug] [2026-05-17T14:59:42.803Z] >>> [apiv2][body] POST https://upload-firebasehosting.googleapis.com/upload/sites/tontine-web/versions/b8da13969f1eb723/files/bf2a6f5db6301c2da885918f968577c1b62a411b58b13e905b33956af06b65f1 [stream]
[debug] [2026-05-17T14:59:42.804Z] >>> [apiv2][query] POST https://upload-firebasehosting.googleapis.com/upload/sites/tontine-web/versions/b8da13969f1eb723/files/dd82e7d00159c073ca63acef87647c379dde271767bd0a0aae3260eae78828c9 [none]
[debug] [2026-05-17T14:59:42.804Z] >>> [apiv2][body] POST https://upload-firebasehosting.googleapis.com/upload/sites/tontine-web/versions/b8da13969f1eb723/files/dd82e7d00159c073ca63acef87647c379dde271767bd0a0aae3260eae78828c9 [stream]
[debug] [2026-05-17T14:59:42.805Z] >>> [apiv2][query] POST https://upload-firebasehosting.googleapis.com/upload/sites/tontine-web/versions/b8da13969f1eb723/files/cf3a570c75ab8d2346b18017ffa0fa46595d0b1d0c55f27fbf04df3fd1f572af [none]
[debug] [2026-05-17T14:59:42.805Z] >>> [apiv2][body] POST https://upload-firebasehosting.googleapis.com/upload/sites/tontine-web/versions/b8da13969f1eb723/files/cf3a570c75ab8d2346b18017ffa0fa46595d0b1d0c55f27fbf04df3fd1f572af [stream]
[debug] [2026-05-17T14:59:42.805Z] [hosting][populate queue][FINAL] {"max":1726,"min":1726,"avg":1726,"active":0,"complete":1,"success":1,"errored":0,"retried":0,"total":1,"elapsed":1777}
[debug] [2026-05-17T14:59:42.805Z] [hosting] uploads queued: 58
[info] i  hosting: uploading new files [0/58] (0%) 
[info] i  hosting: uploading new files [0/58] (0%) 
[info] i  hosting: uploading new files [0/58] (0%) 
[info] i  hosting: uploading new files [0/58] (0%) 
[info] i  hosting: uploading new files [0/58] (0%) 
[info] i  hosting: uploading new files [0/58] (0%) 
[debug] [2026-05-17T14:59:54.770Z] <<< [apiv2][status] POST https://upload-firebasehosting.googleapis.com/upload/sites/tontine-web/versions/b8da13969f1eb723/files/89efc3e333f7fe130a0f32517724235475be1ad1695b5da9505f28b503356b09 200
[debug] [2026-05-17T14:59:54.770Z] <<< [apiv2][body] POST https://upload-firebasehosting.googleapis.com/upload/sites/tontine-web/versions/b8da13969f1eb723/files/89efc3e333f7fe130a0f32517724235475be1ad1695b5da9505f28b503356b09 [stream]
[debug] [2026-05-17T14:59:54.944Z] <<< [apiv2][status] POST https://upload-firebasehosting.googleapis.com/upload/sites/tontine-web/versions/b8da13969f1eb723/files/0b80f0417b75218df4e15e2c2d621b3bbbd8a191739de50f5f925fa99949ae44 200
[debug] [2026-05-17T14:59:54.944Z] <<< [apiv2][body] POST https://upload-firebasehosting.googleapis.com/upload/sites/tontine-web/versions/b8da13969f1eb723/files/0b80f0417b75218df4e15e2c2d621b3bbbd8a191739de50f5f925fa99949ae44 [stream]
[info] i  hosting: uploading new files [2/58] (3%) 
[debug] [2026-05-17T14:59:55.122Z] <<< [apiv2][status] POST https://upload-firebasehosting.googleapis.com/upload/sites/tontine-web/versions/b8da13969f1eb723/files/3b2e8cdc09f8c76e1d1366c2487961743f8e6ba36ae5ee68b590c3622412cb98 200
[debug] [2026-05-17T14:59:55.123Z] <<< [apiv2][body] POST https://upload-firebasehosting.googleapis.com/upload/sites/tontine-web/versions/b8da13969f1eb723/files/3b2e8cdc09f8c76e1d1366c2487961743f8e6ba36ae5ee68b590c3622412cb98 [stream]
[debug] [2026-05-17T14:59:55.196Z] <<< [apiv2][status] POST https://upload-firebasehosting.googleapis.com/upload/sites/tontine-web/versions/b8da13969f1eb723/files/2add0cc793219edd4c7e298d6081d94db083b1d7daa7610f3dd95aaf8a6ea62e 200
[debug] [2026-05-17T14:59:55.196Z] <<< [apiv2][body] POST https://upload-firebasehosting.googleapis.com/upload/sites/tontine-web/versions/b8da13969f1eb723/files/2add0cc793219edd4c7e298d6081d94db083b1d7daa7610f3dd95aaf8a6ea62e [stream]
[debug] [2026-05-17T14:59:55.380Z] <<< [apiv2][status] POST https://upload-firebasehosting.googleapis.com/upload/sites/tontine-web/versions/b8da13969f1eb723/files/79a820a1825c852018f31e49ae16300da3822c96466aef64f58d73d6fcc60a09 200
[debug] [2026-05-17T14:59:55.380Z] <<< [apiv2][body] POST https://upload-firebasehosting.googleapis.com/upload/sites/tontine-web/versions/b8da13969f1eb723/files/79a820a1825c852018f31e49ae16300da3822c96466aef64f58d73d6fcc60a09 [stream]
[debug] [2026-05-17T14:59:55.464Z] <<< [apiv2][status] POST https://upload-firebasehosting.googleapis.com/upload/sites/tontine-web/versions/b8da13969f1eb723/files/9cb653c1a815ad0c50ea2be989812f8ccdebbb2d6bae78985e805d16fdc65662 200
[debug] [2026-05-17T14:59:55.464Z] <<< [apiv2][body] POST https://upload-firebasehosting.googleapis.com/upload/sites/tontine-web/versions/b8da13969f1eb723/files/9cb653c1a815ad0c50ea2be989812f8ccdebbb2d6bae78985e805d16fdc65662 [stream]
[debug] [2026-05-17T14:59:55.468Z] <<< [apiv2][status] POST https://upload-firebasehosting.googleapis.com/upload/sites/tontine-web/versions/b8da13969f1eb723/files/53533346fd8f7e20004a68ac88481fa621bc225f2a72a97b164d5c9d9efba2c6 200
[debug] [2026-05-17T14:59:55.469Z] <<< [apiv2][body] POST https://upload-firebasehosting.googleapis.com/upload/sites/tontine-web/versions/b8da13969f1eb723/files/53533346fd8f7e20004a68ac88481fa621bc225f2a72a97b164d5c9d9efba2c6 [stream]
[debug] [2026-05-17T14:59:55.560Z] <<< [apiv2][status] POST https://upload-firebasehosting.googleapis.com/upload/sites/tontine-web/versions/b8da13969f1eb723/files/9104d7ee94587d5a9455f5e2e347434a223db730e3ba219ab9e4f144e2c85806 200
[debug] [2026-05-17T14:59:55.560Z] <<< [apiv2][body] POST https://upload-firebasehosting.googleapis.com/upload/sites/tontine-web/versions/b8da13969f1eb723/files/9104d7ee94587d5a9455f5e2e347434a223db730e3ba219ab9e4f144e2c85806 [stream]
[debug] [2026-05-17T14:59:55.567Z] <<< [apiv2][status] POST https://upload-firebasehosting.googleapis.com/upload/sites/tontine-web/versions/b8da13969f1eb723/files/be7210809a74ab4f1c510bb5b82dd63d9c2c3359f2371c0f7de45c7a32207f1c 200
[debug] [2026-05-17T14:59:55.567Z] <<< [apiv2][body] POST https://upload-firebasehosting.googleapis.com/upload/sites/tontine-web/versions/b8da13969f1eb723/files/be7210809a74ab4f1c510bb5b82dd63d9c2c3359f2371c0f7de45c7a32207f1c [stream]
[debug] [2026-05-17T14:59:55.569Z] <<< [apiv2][status] POST https://upload-firebasehosting.googleapis.com/upload/sites/tontine-web/versions/b8da13969f1eb723/files/edfc19bb674ee50520debebd73c5063ad1d6daad3cba0d4e8f6514217ce4128a 200
[debug] [2026-05-17T14:59:55.569Z] <<< [apiv2][body] POST https://upload-firebasehosting.googleapis.com/upload/sites/tontine-web/versions/b8da13969f1eb723/files/edfc19bb674ee50520debebd73c5063ad1d6daad3cba0d4e8f6514217ce4128a [stream]
[debug] [2026-05-17T14:59:55.634Z] <<< [apiv2][status] POST https://upload-firebasehosting.googleapis.com/upload/sites/tontine-web/versions/b8da13969f1eb723/files/b1aa59a49eb2a39e0ce2cdce9bad82fb8a0b7541cb5a67576455fba0007a718b 200
[debug] [2026-05-17T14:59:55.635Z] <<< [apiv2][body] POST https://upload-firebasehosting.googleapis.com/upload/sites/tontine-web/versions/b8da13969f1eb723/files/b1aa59a49eb2a39e0ce2cdce9bad82fb8a0b7541cb5a67576455fba0007a718b [stream]
[debug] [2026-05-17T14:59:55.669Z] <<< [apiv2][status] POST https://upload-firebasehosting.googleapis.com/upload/sites/tontine-web/versions/b8da13969f1eb723/files/bf2a6f5db6301c2da885918f968577c1b62a411b58b13e905b33956af06b65f1 200
[debug] [2026-05-17T14:59:55.669Z] <<< [apiv2][body] POST https://upload-firebasehosting.googleapis.com/upload/sites/tontine-web/versions/b8da13969f1eb723/files/bf2a6f5db6301c2da885918f968577c1b62a411b58b13e905b33956af06b65f1 [stream]
[debug] [2026-05-17T14:59:55.681Z] <<< [apiv2][status] POST https://upload-firebasehosting.googleapis.com/upload/sites/tontine-web/versions/b8da13969f1eb723/files/e9d1912e941d59d8d860f69d3a116fca52eccea8f9ebe8c3053a5c84d663e85d 200
[debug] [2026-05-17T14:59:55.681Z] <<< [apiv2][body] POST https://upload-firebasehosting.googleapis.com/upload/sites/tontine-web/versions/b8da13969f1eb723/files/e9d1912e941d59d8d860f69d3a116fca52eccea8f9ebe8c3053a5c84d663e85d [stream]
[debug] [2026-05-17T14:59:55.682Z] <<< [apiv2][status] POST https://upload-firebasehosting.googleapis.com/upload/sites/tontine-web/versions/b8da13969f1eb723/files/d12cace7466cdaae9c0f74cff0e8c37ec6fb1458fa549dbbbd6dc0dc7fb3cec5 200
[debug] [2026-05-17T14:59:55.682Z] <<< [apiv2][body] POST https://upload-firebasehosting.googleapis.com/upload/sites/tontine-web/versions/b8da13969f1eb723/files/d12cace7466cdaae9c0f74cff0e8c37ec6fb1458fa549dbbbd6dc0dc7fb3cec5 [stream]
[debug] [2026-05-17T14:59:55.774Z] <<< [apiv2][status] POST https://upload-firebasehosting.googleapis.com/upload/sites/tontine-web/versions/b8da13969f1eb723/files/f9ebb2b31aa40ee9ad9bc47c290120bf0ce435c316bbdbc5879211a8f1bc5e12 200
[debug] [2026-05-17T14:59:55.775Z] <<< [apiv2][body] POST https://upload-firebasehosting.googleapis.com/upload/sites/tontine-web/versions/b8da13969f1eb723/files/f9ebb2b31aa40ee9ad9bc47c290120bf0ce435c316bbdbc5879211a8f1bc5e12 [stream]
[debug] [2026-05-17T14:59:55.846Z] <<< [apiv2][status] POST https://upload-firebasehosting.googleapis.com/upload/sites/tontine-web/versions/b8da13969f1eb723/files/8d0af5d1dd416dc5b0875082524c03da2b60e93712950327c43f401225ea7a26 200
[debug] [2026-05-17T14:59:55.846Z] <<< [apiv2][body] POST https://upload-firebasehosting.googleapis.com/upload/sites/tontine-web/versions/b8da13969f1eb723/files/8d0af5d1dd416dc5b0875082524c03da2b60e93712950327c43f401225ea7a26 [stream]
[debug] [2026-05-17T14:59:56.158Z] <<< [apiv2][status] POST https://upload-firebasehosting.googleapis.com/upload/sites/tontine-web/versions/b8da13969f1eb723/files/775ea2fa98d1f9b3b2d2121f64a1037be772da1b38d6fe775bdd76dd8f9531cd 200
[debug] [2026-05-17T14:59:56.158Z] <<< [apiv2][body] POST https://upload-firebasehosting.googleapis.com/upload/sites/tontine-web/versions/b8da13969f1eb723/files/775ea2fa98d1f9b3b2d2121f64a1037be772da1b38d6fe775bdd76dd8f9531cd [stream]
[debug] [2026-05-17T14:59:56.211Z] <<< [apiv2][status] POST https://upload-firebasehosting.googleapis.com/upload/sites/tontine-web/versions/b8da13969f1eb723/files/1436f658124f9a2ae24181c0b66d5766d49c7538420f54148c756069b3b0b5e5 200
[debug] [2026-05-17T14:59:56.211Z] <<< [apiv2][body] POST https://upload-firebasehosting.googleapis.com/upload/sites/tontine-web/versions/b8da13969f1eb723/files/1436f658124f9a2ae24181c0b66d5766d49c7538420f54148c756069b3b0b5e5 [stream]
[debug] [2026-05-17T14:59:56.247Z] <<< [apiv2][status] POST https://upload-firebasehosting.googleapis.com/upload/sites/tontine-web/versions/b8da13969f1eb723/files/2f2b580419a8475291097a7cb29e60eb218e94a3dc3e9f3ca1399af64d5d4c23 200
[debug] [2026-05-17T14:59:56.247Z] <<< [apiv2][body] POST https://upload-firebasehosting.googleapis.com/upload/sites/tontine-web/versions/b8da13969f1eb723/files/2f2b580419a8475291097a7cb29e60eb218e94a3dc3e9f3ca1399af64d5d4c23 [stream]
[debug] [2026-05-17T14:59:56.328Z] <<< [apiv2][status] POST https://upload-firebasehosting.googleapis.com/upload/sites/tontine-web/versions/b8da13969f1eb723/files/882a095aef0403e93a4c6a83e0309853cad3290e3cd6c20f2dfa208968dc0cdc 200
[debug] [2026-05-17T14:59:56.328Z] <<< [apiv2][body] POST https://upload-firebasehosting.googleapis.com/upload/sites/tontine-web/versions/b8da13969f1eb723/files/882a095aef0403e93a4c6a83e0309853cad3290e3cd6c20f2dfa208968dc0cdc [stream]
[debug] [2026-05-17T14:59:56.332Z] <<< [apiv2][status] POST https://upload-firebasehosting.googleapis.com/upload/sites/tontine-web/versions/b8da13969f1eb723/files/444c51859bfd7c9abc7516c017b0e0cc7cee4f8cd67ea6fc93709fc2af87890d 200
[debug] [2026-05-17T14:59:56.332Z] <<< [apiv2][body] POST https://upload-firebasehosting.googleapis.com/upload/sites/tontine-web/versions/b8da13969f1eb723/files/444c51859bfd7c9abc7516c017b0e0cc7cee4f8cd67ea6fc93709fc2af87890d [stream]
[debug] [2026-05-17T14:59:56.340Z] <<< [apiv2][status] POST https://upload-firebasehosting.googleapis.com/upload/sites/tontine-web/versions/b8da13969f1eb723/files/c8c1e4c4ccb5b6529b4cc3e9aeeec7937e38670e34ecfb2e1115cb902c0e4ad0 200
[debug] [2026-05-17T14:59:56.340Z] <<< [apiv2][body] POST https://upload-firebasehosting.googleapis.com/upload/sites/tontine-web/versions/b8da13969f1eb723/files/c8c1e4c4ccb5b6529b4cc3e9aeeec7937e38670e34ecfb2e1115cb902c0e4ad0 [stream]
[debug] [2026-05-17T14:59:56.373Z] <<< [apiv2][status] POST https://upload-firebasehosting.googleapis.com/upload/sites/tontine-web/versions/b8da13969f1eb723/files/b1c746360fe9bfab6d3a00dd4f6918e82bec83c4833ea9ed2e93d23f5774254b 200
[debug] [2026-05-17T14:59:56.373Z] <<< [apiv2][body] POST https://upload-firebasehosting.googleapis.com/upload/sites/tontine-web/versions/b8da13969f1eb723/files/b1c746360fe9bfab6d3a00dd4f6918e82bec83c4833ea9ed2e93d23f5774254b [stream]
[debug] [2026-05-17T14:59:56.407Z] <<< [apiv2][status] POST https://upload-firebasehosting.googleapis.com/upload/sites/tontine-web/versions/b8da13969f1eb723/files/266d8bbe283386b57cb275b33fc5c3a8a0b39de59b15546eed26124531473303 200
[debug] [2026-05-17T14:59:56.407Z] <<< [apiv2][body] POST https://upload-firebasehosting.googleapis.com/upload/sites/tontine-web/versions/b8da13969f1eb723/files/266d8bbe283386b57cb275b33fc5c3a8a0b39de59b15546eed26124531473303 [stream]
[debug] [2026-05-17T14:59:56.414Z] <<< [apiv2][status] POST https://upload-firebasehosting.googleapis.com/upload/sites/tontine-web/versions/b8da13969f1eb723/files/2a731f9b707fd42de780f124a521203825e522f94593063f8962a0d42b437805 200
[debug] [2026-05-17T14:59:56.415Z] <<< [apiv2][body] POST https://upload-firebasehosting.googleapis.com/upload/sites/tontine-web/versions/b8da13969f1eb723/files/2a731f9b707fd42de780f124a521203825e522f94593063f8962a0d42b437805 [stream]
[debug] [2026-05-17T14:59:56.564Z] <<< [apiv2][status] POST https://upload-firebasehosting.googleapis.com/upload/sites/tontine-web/versions/b8da13969f1eb723/files/a7fabc54fb0569fe5d3cc16e5bc3d9964df073e7f1b67699105489e9af1d32d6 200
[debug] [2026-05-17T14:59:56.565Z] <<< [apiv2][body] POST https://upload-firebasehosting.googleapis.com/upload/sites/tontine-web/versions/b8da13969f1eb723/files/a7fabc54fb0569fe5d3cc16e5bc3d9964df073e7f1b67699105489e9af1d32d6 [stream]
[debug] [2026-05-17T14:59:56.592Z] <<< [apiv2][status] POST https://upload-firebasehosting.googleapis.com/upload/sites/tontine-web/versions/b8da13969f1eb723/files/b74926f8c78fa133f90ac68a197aea60612fd52442eb0b199a509f3529dd6b5a 200
[debug] [2026-05-17T14:59:56.593Z] <<< [apiv2][body] POST https://upload-firebasehosting.googleapis.com/upload/sites/tontine-web/versions/b8da13969f1eb723/files/b74926f8c78fa133f90ac68a197aea60612fd52442eb0b199a509f3529dd6b5a [stream]
[debug] [2026-05-17T14:59:56.644Z] <<< [apiv2][status] POST https://upload-firebasehosting.googleapis.com/upload/sites/tontine-web/versions/b8da13969f1eb723/files/3c796d8a921d22b725dff0e759b7f86313c1adb3ad8ef513977c84b72e2c8628 200
[debug] [2026-05-17T14:59:56.644Z] <<< [apiv2][body] POST https://upload-firebasehosting.googleapis.com/upload/sites/tontine-web/versions/b8da13969f1eb723/files/3c796d8a921d22b725dff0e759b7f86313c1adb3ad8ef513977c84b72e2c8628 [stream]
[debug] [2026-05-17T14:59:56.670Z] <<< [apiv2][status] POST https://upload-firebasehosting.googleapis.com/upload/sites/tontine-web/versions/b8da13969f1eb723/files/66384c29fb48a398fd5849b906ad7015467d62e6a816a066732f02439e3f7c7b 200
[debug] [2026-05-17T14:59:56.671Z] <<< [apiv2][body] POST https://upload-firebasehosting.googleapis.com/upload/sites/tontine-web/versions/b8da13969f1eb723/files/66384c29fb48a398fd5849b906ad7015467d62e6a816a066732f02439e3f7c7b [stream]
[debug] [2026-05-17T14:59:56.673Z] <<< [apiv2][status] POST https://upload-firebasehosting.googleapis.com/upload/sites/tontine-web/versions/b8da13969f1eb723/files/1b5e791c04d1ca3240d5e0b990386e56d62659161fe665514a9536dae46eed93 200
[debug] [2026-05-17T14:59:56.673Z] <<< [apiv2][body] POST https://upload-firebasehosting.googleapis.com/upload/sites/tontine-web/versions/b8da13969f1eb723/files/1b5e791c04d1ca3240d5e0b990386e56d62659161fe665514a9536dae46eed93 [stream]
[debug] [2026-05-17T14:59:56.762Z] <<< [apiv2][status] POST https://upload-firebasehosting.googleapis.com/upload/sites/tontine-web/versions/b8da13969f1eb723/files/1840d5a662d73ef08e421566249e3815578b7e18188e089e840455a89fd00d7c 200
[debug] [2026-05-17T14:59:56.762Z] <<< [apiv2][body] POST https://upload-firebasehosting.googleapis.com/upload/sites/tontine-web/versions/b8da13969f1eb723/files/1840d5a662d73ef08e421566249e3815578b7e18188e089e840455a89fd00d7c [stream]
[debug] [2026-05-17T14:59:56.802Z] <<< [apiv2][status] POST https://upload-firebasehosting.googleapis.com/upload/sites/tontine-web/versions/b8da13969f1eb723/files/64a9e5b42c134ceb538af9c133b1096e408a2a755869eb85c8d17a14a13d493e 200
[debug] [2026-05-17T14:59:56.803Z] <<< [apiv2][body] POST https://upload-firebasehosting.googleapis.com/upload/sites/tontine-web/versions/b8da13969f1eb723/files/64a9e5b42c134ceb538af9c133b1096e408a2a755869eb85c8d17a14a13d493e [stream]
[debug] [2026-05-17T14:59:56.851Z] <<< [apiv2][status] POST https://upload-firebasehosting.googleapis.com/upload/sites/tontine-web/versions/b8da13969f1eb723/files/a35ef3a596e80da7f00dd8ce1abac5bb3de29998beb7a58fc425ea00cdb36089 200
[debug] [2026-05-17T14:59:56.851Z] <<< [apiv2][body] POST https://upload-firebasehosting.googleapis.com/upload/sites/tontine-web/versions/b8da13969f1eb723/files/a35ef3a596e80da7f00dd8ce1abac5bb3de29998beb7a58fc425ea00cdb36089 [stream]
[debug] [2026-05-17T14:59:56.881Z] <<< [apiv2][status] POST https://upload-firebasehosting.googleapis.com/upload/sites/tontine-web/versions/b8da13969f1eb723/files/36507eb98b70f6accd5fdcbbde836e389e01bc525f4731a5bf695b26f0f1d3a0 200
[debug] [2026-05-17T14:59:56.881Z] <<< [apiv2][body] POST https://upload-firebasehosting.googleapis.com/upload/sites/tontine-web/versions/b8da13969f1eb723/files/36507eb98b70f6accd5fdcbbde836e389e01bc525f4731a5bf695b26f0f1d3a0 [stream]
[debug] [2026-05-17T14:59:56.922Z] <<< [apiv2][status] POST https://upload-firebasehosting.googleapis.com/upload/sites/tontine-web/versions/b8da13969f1eb723/files/5c1b6aebd57eb3481d2a1bd2d353d960fa450f970b06a10c15a55dacdb90956e 200
[debug] [2026-05-17T14:59:56.922Z] <<< [apiv2][body] POST https://upload-firebasehosting.googleapis.com/upload/sites/tontine-web/versions/b8da13969f1eb723/files/5c1b6aebd57eb3481d2a1bd2d353d960fa450f970b06a10c15a55dacdb90956e [stream]
[info] i  hosting: uploading new files [35/58] (60%) 
[debug] [2026-05-17T14:59:57.006Z] <<< [apiv2][status] POST https://upload-firebasehosting.googleapis.com/upload/sites/tontine-web/versions/b8da13969f1eb723/files/5d2c9fd23a60f5baf3ea7f75ddd9a165bb70795474bb5bd124b9298e4f46038a 200
[debug] [2026-05-17T14:59:57.007Z] <<< [apiv2][body] POST https://upload-firebasehosting.googleapis.com/upload/sites/tontine-web/versions/b8da13969f1eb723/files/5d2c9fd23a60f5baf3ea7f75ddd9a165bb70795474bb5bd124b9298e4f46038a [stream]
[debug] [2026-05-17T14:59:57.042Z] <<< [apiv2][status] POST https://upload-firebasehosting.googleapis.com/upload/sites/tontine-web/versions/b8da13969f1eb723/files/fd601543683065396dd55966f01ad658b4985fc0da8a382d6a0d8cf7aa1e1958 200
[debug] [2026-05-17T14:59:57.042Z] <<< [apiv2][body] POST https://upload-firebasehosting.googleapis.com/upload/sites/tontine-web/versions/b8da13969f1eb723/files/fd601543683065396dd55966f01ad658b4985fc0da8a382d6a0d8cf7aa1e1958 [stream]
[debug] [2026-05-17T14:59:57.087Z] <<< [apiv2][status] POST https://upload-firebasehosting.googleapis.com/upload/sites/tontine-web/versions/b8da13969f1eb723/files/d846eb474d46bc49b2e2c6df7baaf37aaeff06efc0e07535c84a457485ad7ecd 200
[debug] [2026-05-17T14:59:57.087Z] <<< [apiv2][body] POST https://upload-firebasehosting.googleapis.com/upload/sites/tontine-web/versions/b8da13969f1eb723/files/d846eb474d46bc49b2e2c6df7baaf37aaeff06efc0e07535c84a457485ad7ecd [stream]
[debug] [2026-05-17T14:59:57.087Z] <<< [apiv2][status] POST https://upload-firebasehosting.googleapis.com/upload/sites/tontine-web/versions/b8da13969f1eb723/files/bda590092bd439b33da5b51de7ddcb9b36069767bebac33f13b0c558cf23bd49 200
[debug] [2026-05-17T14:59:57.087Z] <<< [apiv2][body] POST https://upload-firebasehosting.googleapis.com/upload/sites/tontine-web/versions/b8da13969f1eb723/files/bda590092bd439b33da5b51de7ddcb9b36069767bebac33f13b0c558cf23bd49 [stream]
[debug] [2026-05-17T14:59:57.090Z] <<< [apiv2][status] POST https://upload-firebasehosting.googleapis.com/upload/sites/tontine-web/versions/b8da13969f1eb723/files/13b61fcd248178f644acf9a1b8a1ffee44610871a0d994f825eb600b610bb5fb 200
[debug] [2026-05-17T14:59:57.090Z] <<< [apiv2][body] POST https://upload-firebasehosting.googleapis.com/upload/sites/tontine-web/versions/b8da13969f1eb723/files/13b61fcd248178f644acf9a1b8a1ffee44610871a0d994f825eb600b610bb5fb [stream]
[debug] [2026-05-17T14:59:57.091Z] <<< [apiv2][status] POST https://upload-firebasehosting.googleapis.com/upload/sites/tontine-web/versions/b8da13969f1eb723/files/dd82e7d00159c073ca63acef87647c379dde271767bd0a0aae3260eae78828c9 200
[debug] [2026-05-17T14:59:57.092Z] <<< [apiv2][body] POST https://upload-firebasehosting.googleapis.com/upload/sites/tontine-web/versions/b8da13969f1eb723/files/dd82e7d00159c073ca63acef87647c379dde271767bd0a0aae3260eae78828c9 [stream]
[debug] [2026-05-17T14:59:57.102Z] <<< [apiv2][status] POST https://upload-firebasehosting.googleapis.com/upload/sites/tontine-web/versions/b8da13969f1eb723/files/5f089739d5cb796b9eb682ef789f45c4ed4b4f2a45e750f76a4658ee84c2432f 200
[debug] [2026-05-17T14:59:57.102Z] <<< [apiv2][body] POST https://upload-firebasehosting.googleapis.com/upload/sites/tontine-web/versions/b8da13969f1eb723/files/5f089739d5cb796b9eb682ef789f45c4ed4b4f2a45e750f76a4658ee84c2432f [stream]
[debug] [2026-05-17T14:59:57.102Z] <<< [apiv2][status] POST https://upload-firebasehosting.googleapis.com/upload/sites/tontine-web/versions/b8da13969f1eb723/files/2f7c643976db2c39985ae175b0c34ae2b27ed4f91ec322a057f2e8c4dc34d229 200
[debug] [2026-05-17T14:59:57.103Z] <<< [apiv2][body] POST https://upload-firebasehosting.googleapis.com/upload/sites/tontine-web/versions/b8da13969f1eb723/files/2f7c643976db2c39985ae175b0c34ae2b27ed4f91ec322a057f2e8c4dc34d229 [stream]
[debug] [2026-05-17T14:59:57.138Z] <<< [apiv2][status] POST https://upload-firebasehosting.googleapis.com/upload/sites/tontine-web/versions/b8da13969f1eb723/files/753715359c786b33ed6792da4533c1dc5d8cfc73d5107ba3ab55d01961088ebb 200
[debug] [2026-05-17T14:59:57.139Z] <<< [apiv2][body] POST https://upload-firebasehosting.googleapis.com/upload/sites/tontine-web/versions/b8da13969f1eb723/files/753715359c786b33ed6792da4533c1dc5d8cfc73d5107ba3ab55d01961088ebb [stream]
[debug] [2026-05-17T14:59:57.203Z] <<< [apiv2][status] POST https://upload-firebasehosting.googleapis.com/upload/sites/tontine-web/versions/b8da13969f1eb723/files/355eb91702b89c5a68b046e696325775cc5063a18947280cdc70649922e3895b 200
[debug] [2026-05-17T14:59:57.203Z] <<< [apiv2][body] POST https://upload-firebasehosting.googleapis.com/upload/sites/tontine-web/versions/b8da13969f1eb723/files/355eb91702b89c5a68b046e696325775cc5063a18947280cdc70649922e3895b [stream]
[debug] [2026-05-17T14:59:57.361Z] <<< [apiv2][status] POST https://upload-firebasehosting.googleapis.com/upload/sites/tontine-web/versions/b8da13969f1eb723/files/8a560b4c830180983dca73a2588b8bdc3e57166762ab187177b2df500f1f1a75 200
[debug] [2026-05-17T14:59:57.361Z] <<< [apiv2][body] POST https://upload-firebasehosting.googleapis.com/upload/sites/tontine-web/versions/b8da13969f1eb723/files/8a560b4c830180983dca73a2588b8bdc3e57166762ab187177b2df500f1f1a75 [stream]
[debug] [2026-05-17T14:59:57.363Z] <<< [apiv2][status] POST https://upload-firebasehosting.googleapis.com/upload/sites/tontine-web/versions/b8da13969f1eb723/files/5fd6db8359c0f9812777f3dbdaa5270c59a9ea81a0efc6e8c4556d02e7f7f9a7 200
[debug] [2026-05-17T14:59:57.363Z] <<< [apiv2][body] POST https://upload-firebasehosting.googleapis.com/upload/sites/tontine-web/versions/b8da13969f1eb723/files/5fd6db8359c0f9812777f3dbdaa5270c59a9ea81a0efc6e8c4556d02e7f7f9a7 [stream]
[debug] [2026-05-17T14:59:57.417Z] <<< [apiv2][status] POST https://upload-firebasehosting.googleapis.com/upload/sites/tontine-web/versions/b8da13969f1eb723/files/acb27bdeff9511c329e64b7b6888548679452c1e08933419ffbc427146652db1 200
[debug] [2026-05-17T14:59:57.417Z] <<< [apiv2][body] POST https://upload-firebasehosting.googleapis.com/upload/sites/tontine-web/versions/b8da13969f1eb723/files/acb27bdeff9511c329e64b7b6888548679452c1e08933419ffbc427146652db1 [stream]
[debug] [2026-05-17T14:59:57.668Z] <<< [apiv2][status] POST https://upload-firebasehosting.googleapis.com/upload/sites/tontine-web/versions/b8da13969f1eb723/files/849b97af27a933bbecf85117f2d031b06dc603bd607f5289e11a0ea419fd1a8c 200
[debug] [2026-05-17T14:59:57.668Z] <<< [apiv2][body] POST https://upload-firebasehosting.googleapis.com/upload/sites/tontine-web/versions/b8da13969f1eb723/files/849b97af27a933bbecf85117f2d031b06dc603bd607f5289e11a0ea419fd1a8c [stream]
[debug] [2026-05-17T14:59:57.696Z] <<< [apiv2][status] POST https://upload-firebasehosting.googleapis.com/upload/sites/tontine-web/versions/b8da13969f1eb723/files/8d6e95960b2ccece5b59248355faf8773db7f7b6387ee185ab0e10bbf5bc9cd1 200
[debug] [2026-05-17T14:59:57.696Z] <<< [apiv2][body] POST https://upload-firebasehosting.googleapis.com/upload/sites/tontine-web/versions/b8da13969f1eb723/files/8d6e95960b2ccece5b59248355faf8773db7f7b6387ee185ab0e10bbf5bc9cd1 [stream]
[debug] [2026-05-17T14:59:57.834Z] <<< [apiv2][status] POST https://upload-firebasehosting.googleapis.com/upload/sites/tontine-web/versions/b8da13969f1eb723/files/930ac2d5e201c25d6989ef76569b22214b5d3db31615ba2f5fa88f91a1f1f205 200
[debug] [2026-05-17T14:59:57.834Z] <<< [apiv2][body] POST https://upload-firebasehosting.googleapis.com/upload/sites/tontine-web/versions/b8da13969f1eb723/files/930ac2d5e201c25d6989ef76569b22214b5d3db31615ba2f5fa88f91a1f1f205 [stream]
[debug] [2026-05-17T14:59:57.847Z] <<< [apiv2][status] POST https://upload-firebasehosting.googleapis.com/upload/sites/tontine-web/versions/b8da13969f1eb723/files/9f9013f058d78694c55237293d7394bcc41716fc7bbd9f1c29f3a37592c6e959 200
[debug] [2026-05-17T14:59:57.847Z] <<< [apiv2][body] POST https://upload-firebasehosting.googleapis.com/upload/sites/tontine-web/versions/b8da13969f1eb723/files/9f9013f058d78694c55237293d7394bcc41716fc7bbd9f1c29f3a37592c6e959 [stream]
[debug] [2026-05-17T14:59:58.295Z] <<< [apiv2][status] POST https://upload-firebasehosting.googleapis.com/upload/sites/tontine-web/versions/b8da13969f1eb723/files/cf3a570c75ab8d2346b18017ffa0fa46595d0b1d0c55f27fbf04df3fd1f572af 200
[debug] [2026-05-17T14:59:58.295Z] <<< [apiv2][body] POST https://upload-firebasehosting.googleapis.com/upload/sites/tontine-web/versions/b8da13969f1eb723/files/cf3a570c75ab8d2346b18017ffa0fa46595d0b1d0c55f27fbf04df3fd1f572af [stream]
[debug] [2026-05-17T14:59:58.780Z] <<< [apiv2][status] POST https://upload-firebasehosting.googleapis.com/upload/sites/tontine-web/versions/b8da13969f1eb723/files/8f242b6d5fff3562caf5a1180515d520abe99ef648fc67a9cedf9e1632e0352b 200
[debug] [2026-05-17T14:59:58.781Z] <<< [apiv2][body] POST https://upload-firebasehosting.googleapis.com/upload/sites/tontine-web/versions/b8da13969f1eb723/files/8f242b6d5fff3562caf5a1180515d520abe99ef648fc67a9cedf9e1632e0352b [stream]
[info] i  hosting: uploading new files [54/58] (93%) 
[debug] [2026-05-17T14:59:59.574Z] <<< [apiv2][status] POST https://upload-firebasehosting.googleapis.com/upload/sites/tontine-web/versions/b8da13969f1eb723/files/c9a83297240280b03d9cc8efa9150bf33ad2d21eaa543baf41f493bc7b1430f4 200
[debug] [2026-05-17T14:59:59.575Z] <<< [apiv2][body] POST https://upload-firebasehosting.googleapis.com/upload/sites/tontine-web/versions/b8da13969f1eb723/files/c9a83297240280b03d9cc8efa9150bf33ad2d21eaa543baf41f493bc7b1430f4 [stream]
[debug] [2026-05-17T14:59:59.576Z] <<< [apiv2][status] POST https://upload-firebasehosting.googleapis.com/upload/sites/tontine-web/versions/b8da13969f1eb723/files/b6d9ce52a13e646fc24de45fc1513ce00154ab65c039303919a28e0b9633934b 200
[debug] [2026-05-17T14:59:59.576Z] <<< [apiv2][body] POST https://upload-firebasehosting.googleapis.com/upload/sites/tontine-web/versions/b8da13969f1eb723/files/b6d9ce52a13e646fc24de45fc1513ce00154ab65c039303919a28e0b9633934b [stream]
[info] i  hosting: uploading new files [56/58] (96%) 
[debug] [2026-05-17T15:00:01.536Z] <<< [apiv2][status] POST https://upload-firebasehosting.googleapis.com/upload/sites/tontine-web/versions/b8da13969f1eb723/files/c4d5f69679829ee11efc329df99f685fdd66aa8c50c226a5c4ab4cde7d67b11c 200
[debug] [2026-05-17T15:00:01.536Z] <<< [apiv2][body] POST https://upload-firebasehosting.googleapis.com/upload/sites/tontine-web/versions/b8da13969f1eb723/files/c4d5f69679829ee11efc329df99f685fdd66aa8c50c226a5c4ab4cde7d67b11c [stream]
[info] i  hosting: uploading new files [57/58] (98%) 
[info] i  hosting: uploading new files [57/58] (98%) 
[info] i  hosting: uploading new files [57/58] (98%) 
[info] i  hosting: uploading new files [57/58] (98%) 
[info] i  hosting: uploading new files [57/58] (98%) 
[debug] [2026-05-17T15:00:12.590Z] *** [apiv2] error from fetch(https://upload-firebasehosting.googleapis.com/upload/sites/tontine-web/versions/b8da13969f1eb723/files/c3a4ad8a2d36bbf5cb2a266b1f6a3ca79375084da46fbc205cd51df56b1b724a, {"headers":{},"method":"POST","signal":{"reason":""},"body":{"_writeState":{"0":1620,"1":0},"_events":{},"_readableState":{"highWaterMark":65536,"buffer":[],"bufferIndex":0,"length":0,"pipes":[],"awaitDrainWriters":null},"_writableState":{"highWaterMark":65536,"length":0,"corked":0,"writelen":0,"bufferedIndex":0,"pendingcb":0},"allowHalfOpen":true,"_eventsCount":2,"bytesWritten":54185,"_handle":null,"_outBuffer":{"type":"Buffer","data":[31,139,8,0,0,0,0,0,2,3,213,125,107,119,219,182,178,232,247,243,43,20,222,212,135,220,27,82,37,217,78,82,234,50,58,142,237,36,110,98,199,137,237,60,234,237,165,210,34,36,33,166,72,149,132,108,43,50,255,251,93,51,0,72,240,37,41,105,122,214,186,187,187,181,136,199,0,24,12,128,153,193,204,128,77,103,97,196,151,110,195,141,27,159,56,185,134,191,111,56,241,224,239,31,60,25,69,225,212,104,253,58,156,204,131,155,230,167,39,31,46,94,255,113,248,178,245,53,54,122,12,43,166,121,199,221,183,135,111,79,118,62,106,121,75,4,246,138,147,17,252,253,204,201,24,254,62,230,228,43,252,253,139,19,31,254,190,47,52,178,187,115,248,242,201,155,227,15,85,141,124,58,63,187,216,59,63,253,93,111,4,123,254,58,15,227,240,244,143,39,251,231,111,159,148,58,243,129,147,33,252,61,44,52,122,242,234,228,240,205,254,126,87,175,128,5,47,56,161,240,247,163,28,197,151,66,197,179,223,159,236,124,56,61,60,40,245,104,82,24,213,197,209,171,215,123,111,78,74,61,218,151,61,186,151,56,191,147,104,58,226,100,2,127,247,40,97,240,247,84,162,237,128,147,27,248,123,35,209,119,198,73,128,229,56,153,193,223,119,133,14,94,108,191,60,121,255,226,195,203,82,195,115,42,26,30,137,118,71,114,160,19,57,208,65,1,206,151,243,223,63,110,191,249,244,182,106,90,62,255,241,254,229,201,231,195,87,37,36,124,205,195,120,178,253,169,251,98,251,96,183,84,110,42,9,111,38,27,159,75,36,140,11,157,120,255,225,203,199,189,87,79,115,131,17,148,154,47,183,191,119,240,199,167,131,247,111,74,13,157,203,134,78,36,54,223,81,129,205,17,21,216,124,41,177,248,141,147,24,177,65,9,135,191,47,56,185,133,191,111,57,89,224,192,56,249,134,116,87,232,224,155,55,111,118,182,15,94,191,214,27,126,133,35,161,228,20,254,94,115,242,30,254,222,114,114,1,127,23,156,124,134,191,199,5,64,175,159,238,236,238,31,157,189,215,1,61,198,174,15,41,217,195,177,60,166,228,5,206,160,199,201,1,252,101,148,28,96,145,123,114,136,157,163,228,16,191,79,201,33,22,156,82,242,18,19,14,200,107,4,241,130,188,198,239,199,228,8,191,255,162,228,8,19,254,34,191,227,223,59,242,6,137,141,188,193,79,159,188,21,125,32,199,130,134,200,49,2,158,81,114,130,0,222,83,114,34,90,160,228,29,254,8,56,249,128,101,142,200,57,38,236,145,11,252,235,114,242,9,11,80,129,129,19,242,25,211,7,228,11,46,60,74,190,224,119,200,201,31,248,99,76,6,248,247,134,18,108,235,119,226,226,183,71,92,129,6,74,174,49,227,35,37,215,152,18,113,50,196,31,239,137,135,127,63,17,138,37,92,74,40,214,253,68,5,193,81,74,70,152,16,81,50,198,31,111,201,4,139,158,145,137,216,19,41,153,32,140,152,19,134,41,127,80,242,21,139,132,228,43,38,252,78,201,87,44,242,142,220,96,198,23,74,110,48,39,166,228,6,115,124,78,124,49,21,100,42,48,74,201,20,19,174,73,128,9,148,147,0,19,222,144,16,41,141,146,16,129,45,4,101,30,146,25,126,30,147,191,240,239,43,74,34,177,118,72,140,9,47,5,197,158,19,142,159,223,8,199,236,207,132,35,216,33,39,115,248,203,41,153,139,222,83,114,139,37,56,39,183,88,228,140,146,123,204,250,76,201,2,179,24,39,223,48,101,63,79,165,199,7,79,118,118,14,94,157,149,214,217,41,21,235,236,45,205,87,120,186,255,234,252,221,81,119,7,43,220,186,81,99,196,28,227,127,12,50,97,142,105,90,206,243,229,208,119,227,184,17,44,189,112,216,243,168,79,199,46,167,189,111,97,64,123,110,192,166,46,103,97,112,190,152,209,222,52,244,230,62,61,154,206,252,222,32,162,129,71,35,26,189,116,135,60,140,22,167,81,56,101,49,117,130,185,239,247,226,225,132,66,201,72,124,178,224,43,133,66,78,104,190,180,122,126,232,122,44,24,159,169,50,47,3,39,52,7,140,44,195,25,52,228,250,246,163,118,98,245,6,52,24,179,128,246,134,97,16,243,104,14,245,77,74,56,97,36,34,177,181,228,19,22,183,188,112,232,80,34,126,202,110,59,92,124,67,239,29,38,126,231,6,225,68,34,49,27,139,19,39,193,248,93,112,64,99,30,133,11,83,194,150,237,247,91,35,127,30,79,76,43,129,126,67,113,211,90,250,148,55,168,3,168,43,128,234,247,197,124,152,217,150,210,61,61,255,120,241,6,55,79,171,197,39,52,48,153,243,156,89,132,247,34,202,231,81,208,64,16,101,164,244,185,83,147,99,82,203,230,14,53,45,194,91,67,151,15,39,0,113,201,39,81,120,215,8,232,93,227,35,53,119,183,219,109,242,168,99,37,178,73,115,249,159,121,187,251,116,119,24,81,151,211,67,28,153,205,136,72,220,83,232,249,144,159,82,59,74,44,4,156,97,195,97,102,25,163,68,205,133,213,3,196,196,14,116,34,50,115,211,66,116,40,217,12,89,57,36,164,115,24,147,56,177,18,209,89,213,41,152,124,129,121,230,228,74,183,42,202,245,216,200,100,45,49,60,14,147,238,56,109,75,54,197,122,144,18,142,26,172,133,56,123,23,156,45,2,62,161,156,13,79,163,112,22,59,142,113,29,134,62,117,3,99,107,203,172,43,244,168,35,70,27,225,104,63,80,147,101,99,233,183,60,151,187,253,12,75,91,91,143,196,248,171,23,205,214,150,185,42,59,163,3,65,126,22,89,85,186,47,102,60,118,158,35,178,110,157,184,18,65,81,107,30,83,243,86,194,74,23,108,191,47,90,83,75,182,53,166,220,124,76,9,172,227,194,10,45,214,108,5,33,103,163,133,217,105,3,217,9,194,132,94,136,150,152,149,88,36,74,174,233,152,5,106,137,165,51,136,169,253,150,105,37,52,240,74,185,52,240,48,239,110,66,37,137,178,96,124,16,6,212,180,150,85,228,211,42,21,132,234,253,190,68,80,43,162,113,232,223,82,211,74,134,225,116,22,6,52,224,31,232,204,119,135,212,51,105,205,234,39,5,146,43,86,236,183,76,106,37,49,119,57,27,54,4,221,141,220,161,51,154,7,67,64,153,137,164,107,90,73,47,87,100,22,133,183,142,75,205,37,15,111,104,96,7,100,36,87,94,208,74,97,36,86,34,7,25,36,150,105,145,15,212,193,237,122,153,110,212,17,244,97,225,92,94,245,52,130,239,228,54,78,183,128,83,199,77,96,82,92,107,201,70,102,33,71,12,85,0,125,228,224,14,110,45,71,97,100,226,174,215,8,71,13,173,128,5,64,122,90,2,150,79,146,49,229,13,88,4,117,83,4,121,137,151,223,113,53,0,5,116,167,5,229,158,112,232,211,41,13,184,233,18,90,3,191,92,78,86,221,15,167,34,105,101,197,172,148,172,118,78,239,215,213,145,69,196,208,69,135,79,66,175,150,72,181,34,137,59,155,209,192,219,159,48,223,19,99,202,23,45,102,39,44,136,105,196,95,208,81,24,81,72,129,99,177,88,169,178,76,18,209,105,120,75,83,80,85,21,171,138,36,49,245,233,144,127,8,67,190,30,247,213,101,147,153,27,209,128,35,74,234,16,153,43,146,4,244,158,159,177,107,159,5,227,218,26,249,50,73,76,249,30,231,17,187,158,243,90,196,84,150,145,136,41,100,84,163,166,88,40,113,61,111,31,150,100,229,220,233,121,10,253,117,133,139,217,48,158,51,190,240,87,141,37,159,47,91,208,18,171,219,208,11,64,43,112,168,209,136,47,114,117,226,73,56,247,61,220,226,22,38,181,182,182,180,101,218,154,193,190,8,172,76,171,92,189,184,93,150,75,64,155,31,93,127,78,171,208,144,203,75,124,22,115,26,100,24,208,233,96,125,15,35,231,121,212,42,128,40,118,175,144,157,228,160,22,40,47,183,47,110,109,185,173,152,187,17,143,63,49,62,49,71,204,74,18,50,96,200,18,156,153,134,97,245,212,1,208,248,157,155,129,99,164,28,65,108,164,96,63,81,211,56,25,239,197,139,96,184,167,101,147,47,212,188,92,194,9,193,60,106,255,78,201,60,166,138,49,147,72,116,158,67,67,19,38,123,30,88,196,163,179,216,190,252,70,166,156,188,189,74,72,90,253,61,86,71,164,218,129,227,56,70,16,134,51,163,111,156,132,225,76,107,212,54,94,68,225,93,76,35,45,45,185,178,18,144,25,40,115,140,169,203,155,215,174,55,166,205,97,24,112,26,112,131,44,138,50,196,202,51,80,157,100,244,206,228,15,15,65,241,60,28,78,103,206,204,92,194,1,102,7,68,236,35,97,20,219,151,151,70,48,110,166,135,174,113,117,69,60,58,244,99,187,77,110,221,8,254,112,58,157,249,46,167,118,214,26,208,74,66,98,32,244,216,190,252,179,149,118,126,57,11,99,6,101,236,136,250,46,103,183,52,201,50,181,98,225,45,141,70,126,120,103,223,178,152,93,251,122,41,53,254,12,148,123,29,135,254,156,211,30,167,247,188,233,250,108,28,216,67,26,112,26,245,60,22,3,205,216,44,240,89,64,155,215,126,56,188,233,241,200,13,100,85,252,57,10,163,105,163,219,110,79,227,6,117,99,218,100,65,51,156,243,94,154,103,199,67,215,167,102,187,245,196,234,165,29,155,48,207,163,65,239,110,194,56,109,198,51,119,72,237,32,188,139,220,153,232,69,90,142,250,62,155,197,44,238,93,135,247,205,152,125,99,193,216,190,14,35,143,70,205,235,240,190,55,11,25,116,180,73,111,105,192,99,59,0,193,239,218,29,222,140,163,112,30,120,205,97,232,135,145,125,235,70,102,179,153,97,160,88,128,52,178,18,241,34,110,210,40,10,35,203,234,85,215,198,254,85,214,11,131,180,234,40,12,120,115,228,78,153,191,168,6,0,5,138,245,125,247,154,250,205,120,234,250,62,230,43,56,119,148,141,39,188,26,142,200,91,5,73,148,176,172,158,68,91,228,122,108,30,151,160,1,89,184,44,160,81,51,158,184,51,90,132,56,12,35,200,27,1,75,101,233,228,228,94,135,183,180,81,65,95,215,33,231,225,212,238,180,219,191,232,229,175,169,31,222,85,149,231,225,172,162,48,240,0,85,165,35,68,9,150,191,244,88,228,68,220,191,106,124,71,77,119,206,195,158,79,71,188,212,166,59,226,52,170,170,152,149,174,108,113,117,61,108,79,235,244,255,76,169,199,92,115,20,70,67,42,201,48,182,27,238,16,214,180,181,172,128,18,206,57,172,65,59,14,125,230,53,58,179,251,194,124,182,19,125,16,30,139,221,107,159,122,149,19,179,110,125,168,202,77,216,225,170,150,11,254,105,78,217,189,201,130,70,28,141,175,171,87,80,99,251,217,47,164,129,251,128,96,143,106,215,84,161,197,77,150,152,62,90,177,153,84,141,85,109,96,176,49,36,173,96,220,20,199,216,74,4,145,114,82,107,0,73,233,17,216,132,51,8,170,47,181,189,80,52,81,174,170,81,8,206,238,50,219,24,139,85,112,193,86,13,227,142,121,124,82,194,26,240,0,195,133,92,230,49,251,150,91,196,236,27,37,141,121,16,83,110,245,38,213,27,200,198,245,167,44,104,86,119,97,69,221,39,179,123,81,179,166,245,117,85,241,196,89,95,87,43,38,43,206,92,15,212,78,155,53,40,11,147,70,91,110,182,144,191,170,42,210,166,232,102,219,234,77,221,104,204,130,205,154,10,71,163,152,114,210,104,62,153,221,55,218,86,105,226,181,111,56,254,124,119,86,69,10,223,213,162,0,147,107,57,215,46,108,66,243,233,119,83,220,15,145,217,119,211,86,177,66,103,29,69,85,87,88,69,71,57,226,233,172,164,158,42,146,105,236,64,141,122,178,209,104,165,254,124,134,124,171,150,146,42,200,167,211,45,209,143,152,199,191,69,64,43,168,6,26,204,53,231,187,209,152,126,55,213,96,173,191,177,79,173,175,95,79,75,43,234,174,37,171,181,117,87,82,88,86,249,59,136,173,178,201,205,233,78,171,254,19,72,176,178,51,171,168,17,43,252,45,98,172,110,178,154,46,255,235,207,43,66,131,161,59,139,231,62,158,206,118,151,12,39,110,48,166,7,148,83,148,168,236,118,81,21,201,139,178,223,32,24,255,1,247,46,161,249,22,46,112,132,246,231,3,29,57,161,249,194,234,13,220,136,185,7,52,30,70,236,154,194,101,208,87,110,101,247,72,78,104,198,20,10,165,162,231,129,228,46,156,63,76,171,55,96,222,43,26,208,200,21,247,72,19,106,245,64,209,134,252,77,65,197,54,192,68,208,48,200,236,84,169,27,83,190,47,83,136,86,212,161,137,252,97,204,34,54,117,163,133,209,147,120,114,30,181,123,138,203,233,41,97,207,49,4,191,142,204,170,33,251,129,83,81,238,9,38,203,190,136,34,105,111,230,51,47,83,203,123,251,105,118,162,170,245,164,42,113,24,49,84,188,23,161,107,89,216,130,94,180,208,202,65,46,43,209,171,246,128,66,28,67,236,126,70,79,202,148,3,164,33,169,192,235,13,132,236,250,2,210,52,80,189,1,139,143,2,198,153,235,179,111,212,115,30,117,160,36,167,17,50,105,140,47,246,39,116,120,131,115,251,13,230,218,11,135,115,128,7,223,86,78,65,173,238,212,66,115,68,173,30,197,219,14,115,193,44,34,127,190,228,86,194,226,61,64,123,1,11,106,82,90,44,240,232,253,187,145,105,160,112,100,88,142,227,52,59,80,9,102,105,131,74,32,234,168,90,99,202,95,104,227,47,34,94,199,13,222,29,2,18,210,139,195,161,79,221,232,240,158,197,156,5,99,4,19,171,11,4,57,177,233,125,144,14,40,189,5,210,19,29,9,18,53,204,249,46,145,85,84,164,183,150,94,24,21,38,171,93,121,237,169,214,163,174,160,46,93,80,233,153,21,189,78,27,172,164,154,190,212,65,102,55,89,185,141,65,230,234,20,43,175,100,210,253,164,21,160,218,70,182,166,180,121,105,121,43,25,176,248,117,24,243,163,148,22,139,84,83,73,166,45,22,191,12,135,115,92,237,235,218,92,178,113,16,70,244,35,168,134,152,207,248,2,239,196,146,202,153,146,180,93,64,97,254,138,194,136,103,110,96,88,132,235,90,54,209,117,67,93,44,22,116,215,6,243,12,133,232,108,115,132,27,187,35,207,44,235,234,154,134,5,203,41,15,2,48,47,37,63,131,24,60,154,83,3,10,225,134,254,150,197,28,244,215,38,101,233,68,149,54,231,173,173,98,105,163,70,204,51,20,144,58,156,230,238,57,96,135,22,215,180,17,253,107,78,99,158,170,36,95,70,238,148,58,142,161,52,125,70,186,154,202,189,235,139,12,113,44,181,162,121,240,110,206,99,230,209,189,96,60,247,221,72,156,94,149,13,136,172,226,216,184,149,88,137,101,151,147,9,77,106,247,115,156,126,238,252,249,120,73,251,125,195,72,254,108,241,136,77,77,121,109,150,95,149,91,91,63,103,115,80,184,94,11,163,5,188,141,236,171,195,179,99,81,38,36,149,231,199,242,159,89,182,196,124,68,31,30,20,86,74,11,88,169,247,7,162,165,35,220,92,244,246,84,239,53,152,202,60,164,10,94,191,106,20,158,252,181,174,243,96,131,161,237,191,21,157,73,234,179,150,171,182,199,135,7,115,85,182,156,116,117,148,214,109,35,43,32,20,215,235,208,187,105,222,178,120,238,250,254,66,237,5,214,26,16,57,170,41,204,99,5,233,245,115,107,123,21,100,43,169,159,222,229,102,167,202,202,158,59,183,33,243,26,237,68,231,5,229,2,93,179,59,165,88,235,113,213,212,159,217,38,251,120,169,243,158,127,90,132,110,109,9,252,230,10,209,228,79,56,36,170,56,132,220,41,81,219,139,191,230,52,90,156,201,155,145,61,223,55,255,180,227,97,56,163,141,231,141,214,227,37,101,201,159,32,211,136,203,122,14,151,245,123,81,228,46,90,96,15,102,82,203,226,143,28,167,106,103,72,135,180,198,136,97,205,5,14,168,116,63,87,95,224,24,4,142,36,28,172,65,12,184,194,153,132,49,30,69,177,125,217,33,217,121,101,136,156,143,112,177,211,109,227,239,23,44,0,161,45,46,220,238,240,173,238,214,214,59,253,168,147,92,187,65,88,75,254,180,244,108,100,219,33,51,101,37,115,217,130,113,36,143,234,243,145,71,148,5,4,91,153,135,143,2,1,169,203,70,57,17,178,145,227,118,28,67,36,228,202,72,54,92,43,36,83,114,165,80,180,211,11,137,132,92,25,117,170,179,150,248,245,240,240,136,165,44,161,94,80,201,55,80,84,253,182,18,194,130,217,156,199,246,82,40,155,47,219,217,252,225,186,49,136,129,57,198,21,145,168,182,47,187,89,153,119,106,38,140,116,78,142,174,136,2,159,43,122,144,182,111,100,93,57,186,34,233,221,154,222,246,169,76,52,136,161,242,141,43,34,135,149,43,137,29,20,183,148,112,93,152,238,0,185,66,218,206,0,205,107,95,87,4,181,2,122,225,51,246,13,160,66,58,16,41,98,53,55,146,215,138,145,82,184,63,186,74,10,66,51,218,95,158,50,231,18,39,96,74,131,121,147,113,58,197,37,65,14,152,115,121,41,114,216,16,251,160,214,205,49,13,230,71,156,78,143,134,216,81,88,62,198,191,140,43,114,163,32,65,121,210,184,44,20,189,50,176,88,118,13,125,198,204,128,184,214,50,216,234,108,109,153,175,96,183,244,205,54,49,226,219,177,65,186,22,153,155,29,64,172,191,24,67,59,219,22,25,154,150,184,255,221,131,150,114,176,222,73,88,108,100,6,91,29,181,127,237,153,86,239,128,2,76,143,221,26,164,109,145,144,155,198,208,103,195,27,131,164,235,215,90,194,125,125,79,152,243,141,205,212,118,238,216,100,173,161,31,198,212,107,209,41,75,43,90,86,98,153,218,237,57,220,185,107,208,152,6,46,202,131,139,90,131,48,72,89,187,51,168,104,178,204,50,239,196,157,210,2,112,26,120,63,2,26,13,210,86,67,30,186,193,144,250,63,19,56,57,160,48,97,136,233,142,69,134,212,236,90,4,248,63,211,74,112,90,186,106,90,0,184,207,77,10,226,169,60,199,44,34,247,78,164,194,153,27,80,63,99,219,99,109,91,160,85,172,181,85,170,75,239,153,198,247,99,53,204,208,177,207,113,183,130,51,216,176,234,26,15,198,88,151,197,123,234,27,248,89,151,11,129,7,172,132,2,234,31,121,22,185,151,242,11,106,225,32,7,190,222,194,199,195,3,154,173,233,249,62,245,174,23,185,66,152,146,47,169,184,63,173,232,65,150,36,203,38,184,30,78,168,50,243,56,222,59,31,28,31,158,92,12,78,247,78,14,223,26,22,57,167,69,189,88,73,21,150,215,132,12,70,32,118,30,135,1,19,218,173,119,160,8,19,183,125,176,154,157,208,60,161,37,251,104,93,61,23,70,2,244,12,44,106,67,31,213,57,193,28,55,150,84,125,5,218,25,249,251,3,155,205,124,138,234,154,9,108,207,212,195,177,80,42,123,162,125,79,216,120,226,131,182,85,170,119,120,196,198,99,26,197,103,243,107,104,2,210,242,122,28,212,224,8,165,205,199,84,158,200,198,210,7,158,8,182,167,126,11,249,64,43,193,22,205,204,234,40,135,140,173,45,218,47,167,182,240,227,35,115,37,43,57,166,28,184,251,76,53,2,208,236,234,60,81,215,76,187,38,7,140,150,100,178,71,193,24,79,239,143,140,222,229,20,59,249,142,85,116,107,42,254,150,100,7,52,197,174,82,182,172,133,24,243,112,38,127,195,58,40,2,46,227,87,65,201,82,36,103,7,56,95,153,41,6,47,1,74,178,64,67,87,159,242,140,171,86,232,202,50,18,64,241,185,123,125,4,170,180,162,181,163,146,195,141,102,199,176,141,182,145,148,230,35,175,150,169,227,123,147,193,16,116,52,106,243,73,101,80,47,85,67,152,180,53,139,208,130,229,128,142,220,185,143,100,128,248,3,211,51,119,236,138,115,199,74,6,19,55,240,124,122,28,206,99,122,24,8,221,96,126,208,26,41,140,41,199,189,98,83,246,124,232,135,1,69,173,216,163,54,40,115,104,153,97,215,142,107,208,229,211,136,185,62,126,199,70,198,186,51,167,221,99,255,151,183,124,26,140,249,164,199,254,253,111,139,95,178,171,148,75,207,84,66,154,36,214,151,138,133,135,7,195,64,1,231,117,182,120,51,169,93,95,209,74,58,46,237,37,173,169,27,221,188,12,35,212,140,193,28,199,148,159,231,151,126,6,177,184,39,108,14,117,226,10,141,91,73,179,45,183,71,69,176,169,180,43,100,119,165,255,80,178,76,145,166,146,127,200,8,77,240,98,5,174,173,74,144,153,122,195,92,41,72,195,149,211,4,73,102,8,122,58,93,204,121,182,90,202,233,108,109,13,202,44,84,156,142,132,181,10,171,35,70,190,99,10,20,142,38,104,57,198,43,171,84,94,8,96,213,15,66,149,121,111,26,112,142,128,72,0,127,45,211,224,238,53,42,203,33,41,191,226,211,195,179,74,142,48,141,170,100,121,146,166,12,136,142,174,166,70,160,216,152,246,109,85,149,143,5,217,53,37,25,98,157,2,73,90,154,60,3,227,177,229,232,114,242,136,87,35,135,228,14,77,189,164,72,49,74,223,71,87,9,161,247,224,7,180,23,219,151,58,251,110,92,17,23,9,229,148,145,96,44,151,237,89,74,98,55,76,218,53,238,10,187,198,109,130,103,43,208,94,21,97,225,189,36,10,9,83,151,167,157,49,72,177,108,36,179,182,73,86,80,19,186,210,52,185,192,17,226,45,163,119,47,194,123,131,24,237,70,187,177,219,232,180,13,98,140,148,118,28,126,187,126,12,127,43,52,200,165,14,168,25,74,133,26,180,56,140,1,56,105,55,118,201,110,163,77,58,109,88,74,53,118,156,184,6,204,27,106,30,48,228,114,219,32,182,116,136,208,118,129,140,1,156,47,114,192,38,200,48,219,25,75,124,106,238,144,51,70,186,164,77,12,59,190,29,219,82,210,81,132,238,153,219,22,185,51,171,16,147,146,171,200,120,120,200,145,117,9,107,114,93,228,54,34,139,120,166,69,14,204,50,69,246,119,236,102,7,200,210,163,160,24,163,193,144,129,153,234,5,255,254,123,88,20,41,63,164,86,199,199,130,220,36,113,25,34,251,48,205,78,55,48,79,28,147,77,193,86,198,70,106,45,236,29,5,176,62,66,144,176,164,193,241,57,75,52,91,230,115,150,110,35,75,41,221,75,36,216,143,58,228,94,137,232,182,33,245,33,139,44,69,170,88,192,26,206,139,194,25,154,186,219,168,129,20,128,22,77,205,210,173,169,138,25,130,229,62,164,142,184,92,192,254,203,157,109,144,79,188,103,220,32,31,215,242,223,117,204,243,32,239,171,56,184,161,139,99,55,112,199,52,234,13,210,129,245,6,139,236,231,136,69,49,135,181,141,7,217,7,58,234,13,160,19,47,93,223,135,238,159,179,41,5,67,222,218,123,109,215,247,161,118,220,27,120,44,162,67,14,242,6,13,60,55,64,160,194,153,238,47,218,203,196,54,103,153,244,42,5,43,33,86,105,45,129,212,152,50,242,154,56,229,236,155,224,190,150,113,129,61,209,52,140,71,78,195,41,192,199,217,233,229,230,170,151,74,79,189,188,28,213,43,200,74,120,119,157,98,172,120,190,167,25,120,111,157,21,75,89,138,52,73,49,19,224,66,32,147,176,35,160,49,69,87,155,69,93,27,139,92,27,139,114,27,139,141,218,80,59,18,204,44,195,137,242,221,111,11,185,186,122,121,242,239,77,220,248,133,68,87,15,90,157,165,104,44,170,153,129,87,101,225,60,206,16,77,152,115,74,205,101,162,152,167,84,76,239,161,126,86,112,130,240,43,158,249,160,25,105,24,32,203,68,135,238,16,189,28,150,236,50,186,114,30,117,146,84,38,40,181,224,80,208,74,211,20,148,73,87,195,74,157,252,214,40,197,65,27,225,24,233,173,67,70,169,44,169,232,133,176,151,80,101,138,23,243,105,49,97,51,145,22,83,179,54,211,70,147,8,77,145,240,55,165,61,252,18,232,21,25,61,169,41,16,246,34,250,197,168,166,116,48,234,12,17,14,153,188,161,43,45,9,135,150,211,128,231,38,37,218,109,165,191,73,137,230,90,139,124,94,110,157,57,52,255,77,180,158,40,106,75,187,161,18,68,33,141,6,29,170,127,149,44,21,42,233,93,10,191,146,192,115,242,175,188,10,44,108,83,169,113,131,182,89,226,148,188,149,102,8,213,27,155,213,186,99,124,242,41,114,103,166,248,9,174,196,123,19,234,122,242,251,117,56,165,123,129,119,8,30,161,165,6,90,220,189,126,55,231,173,120,126,45,239,235,82,111,236,156,250,144,187,215,217,93,86,101,63,90,226,40,136,91,51,54,163,102,64,87,246,153,156,152,212,121,206,168,217,106,181,192,56,107,102,114,231,57,79,165,98,203,178,44,173,75,84,246,72,239,183,192,225,30,138,49,40,117,211,13,187,151,3,155,219,74,180,51,74,121,115,214,41,222,196,153,137,55,83,105,15,250,45,77,12,83,30,214,180,197,67,188,57,50,45,18,57,199,46,159,180,166,238,189,217,38,226,39,11,76,38,183,145,102,135,232,208,80,38,120,120,104,91,86,15,54,145,173,173,71,240,39,83,4,112,52,64,200,134,31,89,54,38,157,208,123,28,240,158,188,156,5,189,121,149,198,36,27,108,63,115,11,93,137,192,66,41,73,30,101,197,70,241,28,215,225,227,133,157,60,202,149,18,166,124,200,131,64,43,84,8,37,121,246,103,80,30,87,148,199,145,242,208,247,78,53,8,148,151,72,205,26,236,149,137,166,215,129,79,41,235,189,161,11,47,188,11,178,195,136,182,110,232,98,63,244,40,97,101,106,138,239,24,56,113,115,107,57,116,99,218,232,62,181,95,192,70,252,240,80,165,107,41,175,189,27,209,152,1,94,51,17,117,111,122,8,101,251,169,45,55,242,130,202,42,229,65,240,62,139,35,153,214,195,204,129,252,109,19,144,17,247,55,2,41,249,98,219,4,253,194,246,179,135,7,248,187,211,182,182,182,208,213,17,201,227,93,196,192,143,29,234,94,135,110,228,25,22,220,56,6,25,122,165,126,38,17,218,205,151,138,182,76,10,38,134,225,56,114,167,70,170,3,92,69,120,53,69,156,55,210,64,69,223,7,164,95,59,158,73,38,134,64,120,196,31,30,30,241,150,180,254,140,205,106,53,138,149,11,171,144,219,78,138,3,166,22,166,168,238,168,197,10,55,162,217,22,128,54,44,92,234,89,193,35,114,169,152,106,91,221,204,139,79,148,99,242,219,65,121,153,23,246,139,102,7,125,71,15,125,122,235,42,118,46,169,56,200,36,35,160,157,191,34,33,61,116,51,107,61,197,173,188,165,102,53,3,70,150,25,211,32,239,128,109,220,78,213,133,112,150,45,36,30,145,43,165,31,45,19,175,159,109,142,153,226,42,90,7,12,146,145,200,20,191,83,238,107,189,30,173,120,85,148,173,111,199,113,6,180,7,138,46,248,121,8,62,178,38,88,2,109,184,163,145,218,44,105,72,81,178,12,131,246,165,6,181,47,36,18,91,30,59,153,25,98,42,137,192,228,130,44,146,31,130,184,165,163,214,210,20,125,22,125,31,164,254,189,101,8,109,161,161,60,138,223,205,40,146,196,202,131,144,246,101,143,108,209,65,162,87,208,40,175,112,170,97,16,145,85,43,14,45,172,90,241,48,10,125,255,60,156,57,109,43,73,168,31,211,70,157,121,90,106,234,83,133,95,208,184,202,249,73,121,155,210,68,15,168,69,186,109,56,109,235,13,244,10,128,150,213,144,104,255,144,218,3,106,125,7,213,213,242,131,202,62,76,138,182,53,7,157,202,46,242,76,203,85,103,38,110,24,38,109,141,152,15,26,75,193,126,105,87,101,66,37,188,134,167,18,145,74,222,5,251,162,95,160,247,76,10,147,41,197,0,140,95,180,193,81,158,137,84,206,170,98,184,145,87,220,73,225,129,20,115,243,191,47,179,219,59,227,234,191,193,96,243,159,210,101,171,141,7,180,110,210,78,226,253,156,70,160,133,210,117,111,36,18,107,3,21,112,30,53,35,242,129,145,93,240,52,55,35,114,78,245,159,59,66,169,38,80,23,247,222,155,177,243,9,173,246,128,87,204,100,102,71,162,193,34,185,18,41,57,56,113,33,135,201,212,36,33,160,149,132,94,46,10,250,65,213,195,136,155,127,96,159,210,126,68,189,247,102,148,193,210,164,121,39,146,253,72,146,76,19,191,189,214,222,168,112,233,92,119,207,92,123,171,44,174,144,83,109,116,65,19,150,251,52,72,170,99,65,59,20,189,93,35,205,2,157,114,78,21,83,40,43,59,100,228,11,201,90,154,198,38,171,150,235,175,81,40,102,92,233,26,190,251,204,30,71,211,242,45,178,212,130,126,16,180,231,249,36,163,156,112,116,69,52,177,21,235,104,223,70,225,139,58,207,169,8,199,208,135,255,216,71,38,181,174,72,166,39,192,113,13,5,62,141,44,25,172,134,212,9,111,27,233,79,35,33,225,156,75,203,39,100,19,33,19,254,26,4,255,202,79,163,74,197,111,92,145,17,117,249,60,2,85,238,144,107,241,27,78,48,0,131,50,249,179,131,228,202,186,170,186,1,216,83,55,0,29,21,217,32,189,1,208,110,96,224,54,149,200,43,12,177,87,148,84,238,56,80,84,249,203,123,163,146,245,76,193,226,165,108,166,2,230,22,87,164,116,243,144,26,85,173,215,214,91,132,113,179,77,222,49,178,77,58,93,2,65,28,84,21,48,233,201,130,51,168,205,168,224,106,92,213,174,242,118,106,167,126,95,207,192,119,170,167,92,187,219,213,213,72,101,106,163,85,186,84,169,72,194,123,150,101,115,26,126,107,134,241,125,83,184,140,77,195,144,79,160,249,113,228,46,48,56,67,175,121,71,175,111,24,47,22,112,3,180,238,118,65,35,53,242,233,189,221,41,68,108,136,166,174,95,19,236,32,235,131,112,53,91,19,246,64,184,124,201,176,7,213,30,117,149,16,115,94,117,245,128,181,98,86,181,235,92,37,244,122,207,185,204,69,205,66,43,40,136,66,1,88,201,187,243,85,2,229,145,59,188,65,79,190,122,192,170,76,109,12,136,74,200,119,107,241,160,162,65,36,255,115,67,23,35,112,23,136,27,133,139,137,37,88,220,46,67,24,11,95,216,237,138,64,30,207,172,132,135,105,137,78,175,224,209,94,3,251,158,241,60,232,142,14,69,197,47,200,111,3,203,204,165,179,3,238,126,189,169,123,47,191,187,207,218,179,251,44,160,8,6,88,168,14,18,146,174,175,44,38,164,93,24,115,163,211,133,248,37,195,249,53,27,54,175,233,55,70,35,179,77,26,240,255,86,151,52,58,245,209,51,210,53,185,62,120,6,189,231,145,43,76,105,65,177,80,31,134,161,0,179,50,18,66,60,143,70,238,80,243,143,196,8,31,247,208,1,15,2,191,212,1,163,74,252,148,37,73,163,61,187,111,108,207,238,33,166,68,163,9,222,156,209,248,218,85,163,71,4,88,162,80,87,254,219,174,40,211,217,145,133,0,202,110,93,161,174,101,245,238,152,239,55,5,91,157,197,143,33,146,12,170,104,160,181,210,88,111,89,57,167,247,140,55,58,24,146,166,187,59,141,27,48,253,16,60,52,140,238,220,200,139,55,105,165,194,156,80,107,170,98,147,95,5,37,24,47,43,34,213,124,23,0,123,226,198,102,229,73,96,211,233,140,47,172,252,1,180,65,124,145,194,74,43,5,24,169,92,144,226,140,241,24,176,6,209,178,146,112,101,230,106,178,189,5,222,12,247,122,113,40,54,101,184,152,26,88,34,87,109,176,164,241,12,125,182,69,77,8,28,83,83,141,135,179,124,157,164,124,68,166,120,131,3,174,87,10,176,212,195,128,72,88,50,86,97,145,190,206,99,144,194,210,9,128,154,77,228,77,74,1,142,212,73,223,238,13,231,81,28,70,182,164,131,158,220,212,218,237,95,244,184,75,16,43,166,102,23,19,184,102,193,132,70,140,107,39,152,74,201,246,19,17,6,9,161,122,116,24,70,25,201,246,82,14,68,243,119,223,121,54,187,87,253,108,98,176,154,202,83,134,98,48,215,12,157,232,125,157,214,139,106,143,39,30,185,204,175,168,169,88,142,121,12,219,38,178,145,162,143,165,132,2,230,20,161,138,96,79,136,32,241,91,65,228,238,44,179,196,145,155,171,220,138,240,159,42,42,176,109,100,146,148,165,83,64,163,165,4,221,46,134,251,201,83,207,90,196,213,141,127,61,230,170,81,94,213,121,181,55,104,22,121,36,181,213,3,203,250,23,115,206,195,0,237,234,173,245,93,134,59,44,172,251,227,179,158,129,168,25,255,74,172,254,115,3,250,241,217,88,135,148,138,121,33,21,35,131,136,108,156,122,85,89,62,11,110,170,183,212,34,159,87,23,27,73,238,174,86,85,103,4,154,113,0,65,40,33,172,149,33,116,243,167,21,93,67,168,107,58,149,109,249,21,157,187,84,103,236,213,82,174,118,121,151,209,83,252,97,107,251,217,202,122,182,141,74,235,116,55,23,177,234,202,65,238,212,158,109,24,61,56,56,218,34,8,88,187,39,207,159,182,12,210,213,174,90,102,184,59,44,235,196,181,60,146,151,226,80,152,68,44,184,129,253,86,156,85,245,228,85,160,199,21,194,15,34,91,8,38,93,12,4,82,12,121,82,95,116,245,86,166,157,67,216,207,149,165,181,145,230,198,150,14,181,118,49,174,223,206,130,144,155,217,204,90,54,222,20,46,215,49,204,194,2,19,138,202,48,98,190,187,200,216,144,181,49,203,180,229,211,24,186,254,208,204,103,151,1,75,202,180,26,255,2,86,243,23,171,16,234,108,131,129,181,192,122,76,94,170,53,229,69,60,217,176,154,186,191,251,158,122,43,13,86,55,195,175,56,32,255,1,252,150,1,175,195,239,247,176,184,72,223,26,191,88,193,222,230,182,186,205,151,148,90,169,29,144,70,71,204,247,237,225,60,130,30,162,171,225,122,190,106,195,83,49,215,187,245,135,85,205,233,38,246,186,141,26,105,72,87,186,101,65,252,255,12,247,152,153,196,223,12,241,122,85,114,198,223,53,39,185,33,33,230,246,221,224,214,141,33,26,117,146,172,61,154,132,105,240,50,183,137,171,45,40,221,204,203,251,127,149,28,246,67,33,132,78,202,118,169,226,254,172,25,243,200,229,116,188,88,105,151,154,222,129,7,194,94,83,192,134,212,207,220,12,192,136,4,173,95,47,176,145,79,212,189,57,118,103,228,101,41,108,209,208,13,94,187,183,52,53,221,83,246,110,210,88,20,110,29,246,149,236,47,108,69,33,80,214,96,170,60,45,65,165,26,12,193,104,236,60,239,167,5,87,46,35,233,175,5,228,18,154,175,121,201,145,171,202,249,43,23,72,169,96,147,42,16,116,38,241,3,206,97,108,149,69,107,157,225,41,40,175,93,191,55,144,166,108,80,3,111,187,112,88,112,143,138,254,94,160,236,102,193,120,15,231,15,140,151,51,79,250,223,91,135,199,167,231,95,68,133,125,80,138,87,103,131,125,51,11,198,31,192,34,5,26,148,183,117,146,47,69,251,83,153,118,4,34,195,169,88,102,189,65,56,163,1,245,94,44,228,77,51,218,13,98,91,69,235,26,156,7,160,199,192,245,209,108,112,160,252,83,104,234,238,174,151,73,3,97,232,137,169,215,74,229,104,90,243,32,187,163,68,231,126,51,231,74,165,13,102,21,24,135,138,171,62,237,194,147,103,23,158,194,234,3,96,128,123,26,218,159,72,237,189,48,66,17,214,108,5,39,46,173,229,250,156,156,197,11,4,49,177,180,94,234,36,220,111,85,121,250,84,186,249,152,96,114,148,67,97,254,173,150,212,192,34,191,184,28,218,19,87,232,85,78,141,117,253,119,120,131,201,30,134,163,198,199,62,183,101,24,135,42,19,177,169,134,138,240,46,136,143,179,33,160,47,200,214,214,5,198,254,230,84,79,85,86,179,57,98,237,23,230,125,115,10,81,54,36,117,171,167,178,120,182,20,83,250,202,146,192,134,110,22,198,85,165,197,35,13,104,14,173,22,111,213,26,129,116,241,60,1,139,42,44,212,82,103,43,22,181,110,33,84,184,178,154,234,227,127,109,52,202,74,202,100,32,1,61,122,100,86,211,212,122,130,197,9,72,16,91,244,88,192,204,50,250,114,201,32,237,130,161,200,140,6,199,114,125,235,198,24,80,54,51,128,84,227,5,3,40,249,242,75,111,131,25,150,30,233,23,248,238,9,183,122,23,104,95,34,98,213,88,132,109,109,49,185,163,128,53,152,222,97,233,195,173,71,228,17,33,16,22,176,150,99,7,227,50,237,135,193,136,141,77,139,192,171,44,234,84,85,27,121,47,141,81,151,154,170,115,114,155,82,82,126,21,245,243,118,190,60,247,37,46,67,31,213,172,90,59,87,216,206,3,122,212,33,17,36,236,113,238,194,203,46,224,76,104,70,45,23,63,51,111,219,83,60,59,76,12,45,166,223,237,247,115,37,161,189,3,151,187,214,250,229,224,228,87,86,86,200,180,170,108,124,117,204,67,23,52,3,144,154,81,247,235,104,80,238,36,132,107,214,130,202,120,80,4,113,41,152,240,201,197,39,15,167,135,135,204,160,143,164,51,120,132,155,14,174,67,244,3,205,237,94,104,37,164,153,43,97,137,141,108,68,47,168,201,197,106,176,138,104,89,222,162,209,244,219,112,120,67,189,148,128,30,117,172,86,68,221,217,204,95,188,117,227,140,176,44,82,93,28,158,238,249,41,30,217,84,133,73,202,28,177,101,82,193,129,64,121,99,39,185,227,175,176,180,179,157,46,53,83,197,213,46,236,27,21,169,137,229,110,254,208,206,187,122,219,103,133,249,43,156,45,204,234,155,85,96,28,86,180,139,195,89,188,49,59,229,233,227,45,143,226,202,177,200,5,44,64,147,89,224,112,150,91,91,170,68,2,214,166,58,1,117,44,203,54,53,8,172,95,93,17,119,176,82,231,181,243,80,5,122,139,104,204,195,136,162,233,39,26,53,57,78,106,39,171,80,174,45,129,186,173,70,241,42,114,146,115,181,210,83,44,207,229,85,175,33,180,16,204,167,149,184,59,72,205,113,118,200,195,234,92,29,36,244,115,228,162,88,34,73,163,233,193,174,146,73,205,192,244,131,75,63,234,90,101,175,235,13,173,233,210,208,129,234,212,16,54,137,143,138,11,32,191,48,198,148,203,242,242,104,161,138,135,74,201,235,60,84,203,27,151,116,233,216,169,224,38,222,115,51,111,168,75,120,185,84,75,210,195,33,138,128,185,109,154,165,44,45,224,167,114,237,64,70,171,96,148,14,79,132,37,57,166,36,107,45,169,26,170,102,253,214,120,204,205,101,113,104,246,95,229,129,20,208,38,237,154,45,171,106,59,20,137,175,162,240,14,93,98,4,91,37,124,85,148,228,46,234,191,11,76,163,112,231,72,26,21,247,126,134,85,240,124,44,120,249,60,60,172,119,133,212,45,155,42,252,144,72,94,58,148,123,111,62,209,180,72,122,214,217,41,207,247,240,128,12,158,114,119,206,158,128,177,235,76,75,193,106,178,142,206,172,37,173,240,47,130,227,84,205,210,126,201,177,37,163,155,44,96,99,102,230,30,57,24,190,42,16,253,62,117,89,164,70,255,25,99,105,161,85,83,95,90,93,219,169,109,118,92,91,237,11,138,84,248,14,142,52,190,150,86,217,189,170,174,155,240,236,100,130,150,162,58,139,166,94,37,188,100,36,186,210,29,190,52,251,240,254,165,33,76,172,68,31,175,236,75,67,217,96,65,250,21,185,140,201,237,149,238,17,150,89,136,247,47,13,161,135,1,231,234,112,134,149,57,26,193,201,228,43,114,185,79,201,61,189,114,16,10,185,188,163,228,8,190,160,67,228,21,196,145,24,213,10,112,176,197,28,81,135,213,117,92,246,211,22,253,143,156,59,40,139,126,68,94,49,179,142,191,202,217,98,23,133,124,245,188,28,204,239,11,101,58,91,33,190,178,204,122,182,87,11,235,5,237,191,160,21,198,181,34,212,245,57,168,184,146,87,78,140,227,19,184,235,215,193,178,155,117,57,210,162,187,232,122,247,240,96,238,83,1,91,82,148,104,193,22,147,117,79,157,219,154,60,171,199,113,75,201,86,207,229,82,168,3,63,219,140,136,95,95,236,125,74,20,177,219,119,233,239,47,118,76,196,232,190,216,175,18,146,214,139,42,235,29,173,173,151,181,119,95,211,222,109,90,175,89,221,224,125,77,131,185,138,87,82,113,80,100,245,115,49,86,96,147,22,209,90,247,65,7,114,198,35,234,78,75,82,177,69,202,76,162,228,119,166,226,96,74,89,198,50,93,245,215,232,75,236,67,116,127,251,254,234,153,31,152,96,249,94,83,120,10,179,200,171,196,121,237,148,198,71,88,22,52,173,12,207,25,53,41,190,123,203,69,176,29,41,125,165,7,160,226,18,132,70,79,69,80,21,95,186,197,243,35,7,252,250,178,111,43,211,98,97,89,212,146,190,2,235,122,173,144,92,216,69,29,104,42,211,137,170,73,198,80,102,231,178,144,162,169,37,141,242,191,251,121,204,92,52,201,162,230,216,45,104,113,27,244,158,211,192,139,27,47,217,18,3,108,6,243,217,121,56,31,78,132,73,137,152,145,74,5,37,234,21,61,58,139,232,208,229,212,147,241,19,228,194,126,89,10,47,15,115,37,180,140,171,234,40,245,151,8,136,147,170,102,170,212,50,8,44,31,81,71,214,82,2,116,79,231,199,33,36,125,198,191,42,231,231,48,80,156,177,83,224,112,123,25,87,155,47,188,159,249,75,103,69,10,206,208,241,124,70,35,144,11,123,202,45,58,78,89,204,18,146,157,244,41,189,21,18,31,28,99,170,130,65,64,251,121,2,154,150,84,112,75,229,1,81,206,176,224,25,59,55,142,217,45,21,33,182,235,244,79,13,236,107,197,41,151,240,112,60,246,149,98,169,56,149,153,80,160,233,20,4,203,147,106,154,172,36,251,185,204,186,137,9,32,51,151,21,87,90,74,34,220,100,180,48,5,197,253,170,223,42,22,89,229,133,45,152,230,215,80,221,44,250,200,10,20,228,210,72,205,100,153,185,80,95,245,2,114,82,193,45,87,198,236,74,106,118,236,108,63,208,185,93,166,2,64,165,33,136,148,99,234,185,244,49,45,144,3,109,93,163,181,10,120,97,245,69,108,35,195,214,101,198,10,33,173,236,166,106,173,247,132,237,161,226,189,179,45,116,238,219,221,108,151,204,72,83,243,251,172,107,91,184,143,254,150,121,162,42,183,86,9,247,105,62,7,52,172,43,91,34,5,146,76,71,34,112,169,182,142,178,226,203,172,136,130,86,2,38,8,94,95,40,73,158,208,150,117,227,172,215,237,154,53,244,229,108,114,108,230,61,194,168,83,119,82,110,109,61,162,90,20,184,218,163,186,210,19,240,145,138,69,89,129,120,65,97,164,184,218,65,19,97,253,195,65,146,155,122,56,171,230,8,99,237,22,98,193,102,39,205,250,24,100,60,13,235,180,169,155,211,6,1,199,116,218,211,194,141,161,134,104,101,149,108,173,139,106,74,173,180,178,146,90,173,113,26,161,76,185,97,77,220,120,22,206,230,24,242,25,111,11,132,63,140,173,251,95,209,251,153,27,120,34,164,147,218,242,85,30,88,50,69,161,31,235,121,125,241,83,119,42,18,41,42,244,168,93,112,226,90,197,9,168,8,194,85,147,186,170,158,113,69,160,134,170,94,154,116,225,187,71,20,139,80,81,14,146,101,65,252,121,69,116,54,162,162,194,7,45,27,252,139,244,207,43,205,47,42,227,45,108,35,251,109,144,140,7,177,141,236,183,65,50,238,66,148,223,151,254,84,26,27,162,42,236,215,250,86,101,193,201,50,23,43,206,175,170,98,97,133,204,201,12,46,80,199,47,22,219,83,18,184,83,106,27,185,60,131,120,116,196,2,33,123,217,151,162,100,91,150,20,238,193,210,77,73,100,61,73,63,83,167,11,146,89,119,24,153,119,7,120,146,161,200,99,139,39,209,137,168,223,129,177,69,2,116,195,121,222,144,97,172,50,171,120,81,108,103,93,171,157,114,171,157,98,155,132,179,41,46,112,99,157,103,6,84,20,113,192,100,205,124,103,255,5,61,21,200,248,238,142,182,107,251,84,116,45,40,118,226,42,253,92,38,9,25,185,30,61,10,240,86,164,48,159,90,206,202,217,140,39,225,29,70,23,94,135,218,205,102,238,95,58,50,46,55,29,126,1,107,226,181,123,133,146,29,68,137,64,76,126,178,90,187,187,114,190,240,71,171,107,25,26,126,202,232,74,200,235,192,9,89,75,195,13,185,192,148,28,245,227,122,249,226,40,75,152,17,147,139,222,9,205,125,110,245,238,92,62,156,156,128,183,52,4,173,68,33,29,223,235,22,44,211,145,84,175,166,181,200,159,30,157,185,17,71,201,251,215,199,75,55,249,21,236,208,225,39,77,126,13,116,56,127,130,92,126,6,87,171,55,16,229,27,85,223,222,30,151,65,216,13,139,28,112,115,23,252,218,229,234,190,227,38,35,75,230,189,100,212,247,108,112,77,76,172,4,84,232,123,241,7,136,25,36,223,45,23,215,183,123,244,199,59,246,235,227,37,135,71,20,100,187,123,216,110,68,93,79,72,31,216,164,239,231,91,5,13,151,116,1,199,32,1,178,238,105,20,78,89,12,79,174,163,103,121,122,187,252,174,136,183,44,238,107,4,79,54,200,113,196,127,119,28,240,14,69,143,73,225,194,140,245,97,164,7,236,48,156,138,123,245,122,142,38,167,104,55,105,5,71,3,6,90,142,75,205,37,15,111,104,96,7,169,125,86,208,74,225,145,146,21,87,98,37,72,126,223,152,131,129,228,157,231,110,139,121,89,152,193,23,185,88,245,24,166,126,134,49,29,167,16,250,113,111,62,156,7,180,161,143,185,101,200,120,245,41,136,183,181,33,234,17,28,28,203,32,177,202,48,173,187,22,25,84,133,170,23,179,6,87,50,173,199,108,58,243,217,144,113,2,241,218,187,185,128,237,58,75,196,48,58,59,198,168,76,163,249,147,39,208,245,174,8,82,233,67,144,74,17,190,242,41,36,239,168,228,93,149,252,12,146,159,96,114,41,154,187,155,117,164,247,206,52,16,9,194,102,177,57,15,96,150,13,242,8,232,206,245,32,2,101,215,34,111,32,198,27,17,73,125,35,71,40,3,176,222,51,236,66,162,124,122,138,64,104,56,1,226,26,244,66,140,251,84,251,190,14,189,133,149,100,248,254,186,26,223,24,148,179,107,1,86,132,48,135,79,12,12,190,239,121,0,201,70,138,117,104,34,158,167,102,151,24,141,243,112,206,27,83,55,130,136,203,13,160,107,218,240,231,13,67,98,80,132,5,213,252,174,12,192,246,142,72,114,177,89,164,5,195,34,143,205,93,242,150,145,167,100,183,68,34,59,228,27,67,128,21,225,245,61,115,215,34,127,153,180,149,195,164,12,23,255,154,57,203,8,30,193,241,7,95,119,109,227,87,119,54,251,117,184,24,250,52,134,27,29,134,18,244,128,6,17,29,179,152,71,180,80,98,232,142,131,144,115,58,80,97,171,138,16,104,224,250,140,211,1,92,245,179,191,230,52,95,224,215,9,131,237,99,97,144,107,26,208,17,27,50,151,69,0,44,24,177,104,90,106,12,254,14,194,249,45,141,120,101,214,208,15,129,1,171,110,34,33,215,52,61,79,60,58,227,71,94,111,206,188,94,14,41,226,235,140,70,183,12,205,38,191,64,216,250,57,199,151,2,71,86,207,141,23,193,176,161,175,39,215,90,186,119,46,227,66,229,160,215,110,105,135,128,124,137,8,218,20,130,219,156,121,4,54,21,117,173,141,109,180,2,247,150,141,97,75,188,124,205,46,221,22,28,200,87,87,86,162,183,154,146,23,206,175,235,100,205,170,33,168,8,36,212,121,174,150,26,134,229,130,112,4,208,98,111,101,127,211,19,164,186,203,127,111,59,94,17,245,195,157,205,154,250,48,228,189,228,213,85,42,203,136,190,216,134,248,107,144,57,243,108,99,14,156,95,110,248,133,253,194,72,100,220,130,109,17,183,160,147,139,92,44,246,39,217,20,41,164,12,6,232,122,89,149,1,209,0,69,60,226,98,14,32,177,137,175,233,164,17,14,244,82,98,177,110,147,170,157,177,178,92,10,2,22,60,196,129,208,31,91,169,12,114,92,40,123,14,59,163,146,211,181,244,183,44,80,239,29,149,163,37,136,123,210,236,120,83,47,166,156,154,29,242,66,6,45,198,35,207,236,146,175,176,33,181,197,1,71,168,140,93,12,177,133,121,129,46,51,62,164,223,177,187,229,16,195,111,56,249,131,147,175,228,19,191,74,3,48,24,45,13,187,151,131,96,172,222,12,252,101,255,221,241,233,47,87,154,7,249,118,183,157,243,32,223,105,183,103,247,73,171,60,161,85,96,242,79,245,98,252,131,230,142,165,251,110,74,231,80,221,119,66,56,69,136,72,2,116,24,6,158,27,45,202,209,7,210,239,102,60,181,10,253,17,116,180,105,135,186,86,163,208,191,156,115,107,165,223,42,13,188,66,155,138,66,171,90,45,122,153,234,254,151,5,63,205,114,88,8,45,101,21,22,238,227,124,208,131,221,118,187,2,171,242,189,219,226,35,202,98,228,157,60,34,186,213,254,251,226,3,176,46,28,26,132,171,64,54,68,9,35,203,107,142,92,136,186,179,49,186,74,158,75,118,217,77,166,106,76,141,39,191,16,221,217,229,59,90,20,126,52,224,101,120,237,211,212,87,13,220,246,133,99,119,37,10,101,49,249,180,50,148,86,45,162,147,93,5,29,20,230,250,71,208,87,3,186,140,51,189,203,89,242,90,56,63,3,19,16,15,161,247,125,93,81,187,117,21,214,116,170,126,210,110,111,88,173,209,104,40,78,188,114,42,74,75,195,29,14,145,106,140,43,37,168,220,214,51,54,57,86,70,90,50,10,31,140,144,90,121,222,199,217,55,47,175,172,158,232,232,126,56,15,184,51,213,76,91,115,101,225,185,26,193,102,184,206,243,71,174,100,51,196,14,111,245,138,241,124,115,108,70,133,232,94,197,107,200,11,234,49,85,185,170,235,57,19,69,183,170,115,104,26,237,90,255,123,188,10,196,174,218,136,85,81,204,200,83,193,140,60,209,130,40,33,64,161,247,211,162,54,101,111,168,53,149,96,162,63,88,168,30,188,187,115,163,192,40,196,225,202,161,88,189,177,80,214,214,102,143,210,21,30,139,131,198,171,217,11,157,45,129,23,13,228,40,5,51,86,96,191,234,217,11,54,50,169,18,197,88,38,138,169,97,118,172,188,140,218,149,210,84,30,188,146,161,124,37,67,137,160,83,168,188,106,91,32,179,34,235,82,45,204,101,250,252,5,24,152,30,155,113,213,179,60,32,160,61,33,117,12,42,217,209,4,97,170,228,46,230,196,220,220,177,122,226,253,134,34,210,153,120,165,65,226,157,183,180,21,167,30,102,204,189,218,87,40,129,154,28,226,129,8,126,103,166,216,231,114,1,89,166,152,7,142,139,200,44,224,139,240,226,58,134,40,115,121,62,236,43,249,194,9,103,228,35,113,25,185,166,26,51,6,251,19,220,207,164,155,147,226,63,196,147,166,77,100,67,202,17,53,180,157,42,102,78,224,60,55,151,244,222,133,248,15,137,69,34,77,201,130,98,80,166,103,185,200,9,237,138,23,117,65,95,145,167,141,223,170,245,23,221,110,166,192,0,230,180,70,79,113,7,79,202,128,252,245,150,5,55,168,139,128,47,75,79,21,113,94,223,169,7,41,206,168,185,75,98,166,138,194,53,41,72,156,16,208,187,244,244,27,254,208,52,19,208,99,237,83,100,107,154,138,143,149,131,22,10,138,109,84,49,169,113,118,85,242,142,165,141,121,183,90,105,211,125,162,107,109,242,184,232,1,191,174,20,49,114,74,33,116,62,216,248,71,123,220,108,91,45,30,94,204,102,52,218,119,209,205,71,234,94,182,197,16,180,26,218,192,240,117,30,109,92,95,10,227,154,227,92,86,238,164,164,243,36,215,65,208,97,104,148,78,37,165,227,90,153,139,167,247,230,204,67,82,78,155,123,85,143,198,206,211,12,141,5,68,148,102,79,27,219,191,141,198,127,230,221,118,103,167,49,231,204,103,177,203,233,28,212,57,104,193,249,159,251,195,223,12,241,168,202,247,34,82,235,244,231,58,130,239,118,54,164,248,167,255,255,80,60,108,7,143,153,115,185,196,4,219,56,135,155,114,119,222,240,104,3,184,121,131,96,75,66,151,99,16,0,98,27,158,27,79,164,213,1,208,23,236,73,174,55,101,112,56,93,207,35,234,226,225,73,167,215,17,133,123,65,5,121,63,228,48,93,98,36,26,212,95,135,122,134,104,97,230,46,80,135,253,93,13,28,99,74,1,248,84,37,10,192,192,75,206,190,175,219,46,139,225,166,63,215,99,153,38,96,186,195,33,28,9,131,107,215,7,147,131,90,232,58,80,169,48,203,1,149,105,2,168,31,134,165,126,106,0,142,130,91,198,171,144,201,244,12,1,42,22,214,185,117,160,78,221,200,157,254,231,254,240,25,47,33,111,6,89,148,107,248,139,41,135,64,89,113,25,222,21,89,100,252,175,59,231,147,140,231,157,88,24,111,40,75,120,93,193,4,207,162,112,196,124,234,236,155,120,123,222,19,187,75,250,57,103,217,111,41,110,156,184,183,34,34,236,84,139,118,46,117,113,18,154,105,245,113,11,84,10,98,183,255,152,105,154,57,177,63,198,45,22,12,253,185,71,99,96,87,237,203,171,68,169,24,53,14,90,192,214,148,118,218,16,209,119,207,119,217,52,150,113,213,221,190,98,3,116,215,66,145,36,216,98,149,223,211,76,90,117,136,50,190,193,69,12,15,25,128,24,145,186,20,207,153,0,161,92,71,52,204,10,166,254,84,14,93,181,65,232,102,76,60,122,26,75,19,25,137,62,225,221,136,22,45,126,56,134,8,209,82,148,208,187,170,114,254,73,62,63,158,72,222,94,106,17,165,26,113,39,167,70,148,133,20,195,156,114,224,66,157,11,59,251,44,98,193,144,205,92,95,60,66,6,166,104,215,174,82,32,202,175,193,224,58,114,133,217,125,221,227,101,249,146,233,179,101,229,28,184,87,46,230,4,238,45,194,46,110,242,70,190,140,148,87,213,61,75,167,34,23,165,9,253,4,169,61,56,10,93,24,133,33,151,239,184,229,48,117,0,231,39,30,165,247,24,156,87,175,35,102,185,160,12,173,22,76,212,84,128,14,133,41,204,240,112,150,161,90,124,12,192,190,133,87,36,201,14,85,100,104,8,85,233,226,110,38,174,146,130,4,154,81,239,202,166,99,28,79,90,235,214,229,238,102,40,80,85,170,48,144,13,53,123,75,188,158,252,166,225,53,147,164,39,99,237,173,32,134,172,196,96,80,162,133,98,230,15,147,2,208,82,138,237,181,244,158,97,77,79,197,88,114,44,24,133,149,25,85,107,0,51,112,102,68,134,62,28,217,155,53,2,107,65,37,14,108,153,11,224,165,54,60,189,74,220,214,217,53,100,220,119,136,17,187,183,120,134,149,216,243,29,228,206,137,113,30,6,156,5,180,129,212,0,23,234,45,77,196,125,74,12,152,54,184,14,126,108,62,35,23,140,236,146,167,66,32,34,17,83,48,59,170,115,79,81,95,223,33,31,65,65,191,141,89,221,76,190,126,86,115,191,169,44,104,179,221,21,107,110,151,184,207,206,14,49,36,101,202,46,202,110,118,148,212,221,1,244,60,33,134,188,45,33,29,224,98,159,170,76,184,110,125,166,198,223,17,162,205,111,114,29,192,200,241,230,49,197,84,183,157,22,69,92,117,59,25,94,186,10,237,157,93,24,114,119,155,124,97,164,67,186,43,229,139,83,179,187,67,94,193,93,70,87,147,11,124,179,187,171,233,32,190,15,73,221,39,101,22,253,105,13,146,186,207,160,44,48,105,157,223,64,195,208,253,77,173,156,38,40,41,41,215,85,27,109,57,241,221,54,204,252,118,135,124,206,166,190,219,81,115,47,239,95,164,6,130,68,61,207,124,6,247,190,188,85,96,91,196,243,143,219,112,71,99,50,135,103,44,139,213,239,116,236,102,135,48,200,239,180,129,95,231,169,176,213,239,27,32,255,116,159,168,123,247,3,45,19,252,231,80,6,235,119,183,225,253,72,249,188,164,25,229,193,119,225,113,73,18,65,246,211,186,174,149,244,17,115,74,70,156,76,224,106,232,86,215,70,180,112,3,172,210,153,230,174,69,180,88,152,157,118,251,118,178,145,194,87,110,24,171,128,235,129,88,179,91,168,167,79,32,16,233,114,19,0,216,59,188,164,201,156,30,135,161,63,159,6,89,96,163,17,187,167,94,77,40,59,61,138,149,108,78,116,194,42,15,81,229,95,143,173,220,101,139,74,135,75,44,171,247,173,137,113,220,1,79,73,138,3,201,82,172,29,73,69,36,213,177,59,203,221,219,108,87,95,231,236,164,247,55,114,108,157,84,139,143,129,61,187,187,187,68,253,219,106,63,179,138,93,219,72,119,174,70,42,181,231,218,5,85,23,34,164,170,168,211,179,123,21,242,11,127,231,194,252,149,218,133,19,166,246,34,160,238,10,176,87,184,38,88,49,31,197,112,179,120,213,152,38,82,223,103,179,152,197,133,160,237,119,145,59,211,122,26,184,183,149,93,20,241,222,171,166,99,219,106,180,123,27,16,105,113,118,59,89,135,155,11,140,216,157,239,70,237,109,211,79,34,163,237,210,245,104,61,102,43,195,231,110,62,109,112,103,41,73,22,87,229,118,74,176,218,189,222,166,215,102,215,110,76,45,162,129,19,27,82,93,193,85,153,155,33,124,205,141,147,182,50,218,217,202,104,107,43,3,126,231,3,22,167,113,60,159,230,151,140,142,3,89,230,111,117,189,124,125,248,127,70,248,191,246,104,67,0,155,221,27,22,119,139,138,139,195,138,246,20,167,188,230,106,189,238,150,184,208,104,163,211,205,223,19,247,74,52,82,179,183,173,200,251,190,94,175,161,148,204,46,185,85,230,235,43,43,252,132,13,77,200,144,63,99,31,233,110,186,143,72,188,203,208,146,27,30,77,66,100,169,234,103,205,89,179,194,134,97,132,218,167,218,83,189,106,222,11,55,223,155,219,99,60,109,23,118,255,13,66,164,203,228,186,211,50,149,211,86,156,68,25,11,85,170,89,119,204,230,131,1,111,62,194,127,254,208,77,197,204,239,233,118,39,219,86,215,237,16,216,211,198,110,187,176,63,168,247,71,164,247,197,208,157,49,238,250,236,27,213,186,38,164,145,191,105,252,83,109,148,179,206,10,231,111,141,237,7,73,82,59,127,106,14,78,180,90,33,27,216,181,172,71,161,60,157,234,105,171,124,110,117,118,54,2,252,125,167,150,36,228,10,179,159,245,77,109,204,28,116,50,182,185,163,109,101,240,59,105,105,106,184,31,20,129,42,182,133,122,97,107,117,107,229,144,213,121,113,41,73,90,66,213,86,105,136,167,68,177,152,179,225,205,66,202,98,74,82,218,109,215,137,147,42,26,114,173,104,147,147,61,177,76,26,109,120,247,73,246,102,131,221,94,105,244,183,193,74,16,21,175,41,191,163,52,168,71,98,61,10,100,175,158,236,212,246,234,73,134,67,161,47,253,193,73,135,19,26,223,1,210,15,131,178,130,118,13,97,102,251,232,42,59,205,194,102,57,135,107,89,120,181,183,248,220,83,171,189,75,167,185,55,171,58,133,62,253,124,49,80,235,113,102,187,246,227,231,82,65,99,253,147,120,167,194,105,159,87,112,215,243,61,219,221,108,179,192,223,223,207,247,228,236,224,42,16,151,174,189,255,21,174,167,240,164,193,198,47,159,100,40,251,199,206,228,213,150,177,83,207,218,96,157,252,253,131,119,237,217,74,86,29,205,27,160,105,141,81,169,220,92,215,44,176,77,218,249,105,230,183,107,155,250,25,50,122,122,12,203,218,223,169,7,218,201,34,203,203,195,75,11,236,175,138,52,254,93,224,61,134,161,239,187,179,24,94,126,95,123,96,175,232,87,85,135,240,148,201,110,108,86,158,214,66,113,154,234,74,11,17,228,115,239,111,148,123,190,90,127,186,185,52,248,131,71,181,139,45,231,180,177,181,152,92,141,142,156,174,90,199,157,184,188,251,193,83,186,230,120,232,22,142,221,13,52,110,63,197,184,63,213,61,237,238,110,174,110,90,169,70,211,249,15,201,136,110,132,188,205,23,109,55,91,180,218,113,216,197,189,97,131,134,126,166,22,171,238,186,247,123,21,234,154,50,168,116,171,186,1,195,86,84,175,254,48,187,163,185,0,1,31,173,25,159,126,163,78,238,93,134,137,69,92,225,215,39,239,243,206,205,0,173,90,30,103,241,112,9,199,64,47,180,255,168,109,187,45,225,14,126,17,249,231,17,165,230,165,241,43,152,163,252,234,135,99,176,54,176,32,238,60,54,228,51,7,205,120,86,182,102,10,147,158,64,183,225,177,148,249,206,170,230,130,176,153,57,91,27,87,178,205,225,138,54,95,91,132,98,211,132,59,65,201,194,135,48,167,162,43,178,151,24,201,152,233,221,146,253,62,55,221,188,213,15,75,45,248,45,24,199,116,30,243,15,240,38,250,169,27,199,119,97,228,245,105,205,120,240,229,244,230,76,22,51,174,44,240,4,199,49,121,127,3,143,160,125,129,48,58,24,121,106,32,108,197,250,85,40,157,205,244,38,167,204,89,137,193,85,164,114,130,175,190,247,191,82,51,223,25,81,228,4,194,136,102,152,172,197,158,230,252,160,8,48,114,158,71,98,68,24,127,19,199,242,240,160,37,73,59,63,152,30,90,55,68,12,221,71,55,164,169,213,165,53,130,151,212,55,3,67,206,153,203,39,182,1,37,12,226,135,174,183,63,97,190,23,209,0,95,67,97,83,8,156,98,26,173,95,135,147,121,112,211,60,122,115,246,228,203,197,206,78,235,107,108,88,45,62,161,129,25,56,207,131,214,222,197,249,235,193,135,119,23,231,135,103,34,194,26,192,12,3,180,250,196,24,25,235,33,239,189,123,125,248,234,224,109,17,242,187,147,23,239,246,62,28,28,157,188,42,193,151,246,146,67,55,64,155,21,176,253,184,252,70,137,199,174,214,55,247,244,224,211,251,139,139,131,189,98,115,103,23,167,135,31,6,123,7,199,71,39,229,246,192,164,181,216,154,207,200,144,193,155,247,211,25,60,125,205,237,5,37,67,213,178,194,238,38,227,63,63,60,62,62,252,253,117,177,67,7,123,103,175,17,3,165,238,40,3,208,181,160,187,221,55,159,95,94,188,40,141,117,255,203,254,219,195,179,50,92,105,173,154,27,233,116,19,164,30,253,126,124,241,241,229,251,210,24,246,247,142,206,206,14,211,134,174,210,166,12,18,81,193,168,156,135,130,6,37,149,18,200,63,134,165,102,27,32,78,26,105,149,127,253,171,182,82,114,133,84,61,103,14,188,241,227,205,5,251,243,168,77,32,224,5,176,8,246,210,157,177,55,116,97,27,123,71,223,220,179,197,254,125,183,235,253,241,230,229,11,254,215,231,201,249,95,175,15,14,167,59,211,253,243,175,95,56,221,118,121,251,183,161,65,0,252,65,8,58,42,136,175,138,102,62,32,42,182,20,72,119,54,131,160,23,6,196,163,128,160,208,224,64,164,149,131,224,48,97,228,142,233,139,249,240,134,242,106,24,178,72,11,233,107,74,227,216,29,179,96,124,6,198,20,17,192,219,222,125,182,251,172,243,172,211,121,218,222,53,136,59,155,65,98,199,214,147,237,59,122,109,183,119,159,236,62,25,182,189,109,183,187,75,135,59,187,195,46,221,237,62,51,18,177,216,199,2,45,24,172,32,182,47,63,131,37,187,7,113,251,6,220,156,49,139,140,185,9,54,49,22,249,29,18,175,57,218,200,222,114,115,206,210,142,90,22,89,136,244,99,44,121,47,62,78,241,227,131,248,56,132,143,43,209,228,113,102,225,139,161,30,156,125,51,135,28,171,247,15,218,128,98,80,144,212,4,180,35,44,64,219,43,221,166,209,187,161,96,207,83,182,107,41,189,75,5,156,202,140,155,199,148,140,153,213,26,2,213,2,221,131,173,105,232,211,22,141,162,48,50,3,203,234,253,215,255,3,173,185,29,105,169,211,0,0,171,89,0,0,64,198,6,118,171,89,0,0,239,56,3,0,156,23,0,0,96,195,6,118,171,89,0,0,72,107,65,239,254,127,0,0,24,196,6,118,171,89,0,0,72,196,6,118,171,89,0,0,88,196,6,118,171,89,0,0,120,195,6,118,171,89,0,0,251,56,3,0,0,0,0,0,160,195,6,118,171,89,0,0,8,57,3,0,0,0,0,0,14,57,3,0,171,1,0,0,80,108,183,117,171,89,0,0,120,195,6,118,171,89,0,0,251,56,3,0,0,0,0,0,160,195,6,118,171,89,0,0,8,57,3,0,0,0,0,0,8,196,6,118,171,89,0,0,13,57,3,0,0,0,0,0,0,0,0,0,0,0,0,0,0,0,0,0,0,0,0,0,80,195,6,118,171,89,0,0,184,195,6,118,171,89,0,0,1,1,0,0,0,0,0,0,32,57,3,0,171,1,0,0,192,7,246,117,171,89,0,0,43,57,3,0,171,1,0,0,40,132,0,118,171,89,0,0,112,196,6,118,171,89,0,0,128,196,6,118,171,89,0,0,0,1,0,0,0,0,0,0,119,57,3,0,171,1,0,0,32,8,246,117,171,89,0,0,127,57,3,0,171,1,0,0,64,31,171,117,171,89,0,0,168,196,6,118,171,89,0,0,184,196,6,118,171,89,0,0,0,1,0,0,0,0,0,0,134,57,3,0,171,1,0,0,128,8,246,117,171,89,0,0,80,192,6,118,171,89,0,0,0,0,0,0,0,0,0,0,16,194,6,118,171,89,0,0,72,107,65,239,254,127,0,0,112,197,6,118,171,89,0,0,8,0,0,0,0,0,0,0,0,0,0,0,0,0,0,0,32,197,6,118,171,89,0,0,0,0,0,0,0,0,0,0,48,197,6,118,171,89,0,0,0,0,0,0,0,0,0,0,64,197,6,118,171,89,0,0,0,0,0,0,0,0,0,0,141,57,3,0,255,255,255,255,0,0,0,0,0,0,0,0,6,0,64,0,0,0,0,0,0,0,0,0,0,0,0,0,0,0,0,0,0,0,0,0,0,0,0,0,0,0,0,0,0,0,0,0,0,0,0,0,0,0,0,0,0,0,0,0,0,0,0,0,0,0,0,0,0,0,0,0,0,0,0,0,0,0,0,0,0,0,0,0,0,0,0,0,0,0,0,0,0,0,0,0,0,0,0,0,0,0,0,0,0,0,0,0,0,0,0,0,0,0,0,0,0,0,0,0,0,0,0,0,0,0,0,0,0,0,0,0,0,0,0,0,0,0,0,0,0,0,0,0,0,0,0,0,0,0,0,0,0,0,0,0,0,0,0,0,0,0,0,0,0,0,0,0,0,0,0,0,0,0,0,0,0,0,0,0,0,0,0,0,0,0,0,0,0,0,0,0,0,0,0,0,0,0,0,0,0,0,0,0,0,0,0,0,0,0,0,0,142,57,3,0,171,1,0,0,112,31,171,117,171,89,0,0,157,57,3,0,54,1,0,0,112,59,27,118,171,89,0,0,240,202,6,118,171,89,0,0,165,57,3,0,171,1,0,0,144,7,246,117,171,89,0,0,166,57,3,0,46,0,0,0,64,198,6,118,171,89,0,0,88,198,6,118,171,89,0,0,176,57,3,0,171,1,0,0,168,254,170,117,171,89,0,0,177,57,3,0,46,0,0,0,104,198,6,118,171,89,0,0,128,198,6,118,171,89,0,0,184,57,3,0,171,1,0,0,112,32,246,117,171,89,0,0,185,57,3,0,46,0,0,0,144,198,6,118,171,89,0,0,168,198,6,118,171,89,0,0,191,57,3,0,43,0,0,0,1,0,0,0,0,0,0,0,190,57,3,0,46,0,0,0,184,198,6,118,171,89,0,0,208,198,6,118,171,89,0,0,193,57,3,0,171,1,0,0,240,106,183,117,171,89,0,0,194,57,3,0,46,0,0,0,224,198,6,118,171,89,0,0,248,198,6,118,171,89,0,0,199,57,3,0,171,1,0,0,112,32,246,117,171,89,0,0,200,57,3,0,46,0,0,0,8,199,6,118,171,89,0,0,32,199,6,118,171,89,0,0,206,57,3,0,43,0,0,0,1,0,0,0,0,0,0,0,205,57,3,0,46,0,0,0,48,199,6,118,171,89,0,0,72,199,6,118,171,89,0,0,208,57,3,0,171,1,0,0,144,7,246,117,171,89,0,0,209,57,3,0,46,0,0,0,88,199,6,118,171,89,0,0,112,199,6,118,171,89,0,0,219,57,3,0,171,1,0,0,168,107,183,117,171,89,0,0,220,57,3,0,46,0,0,0,128,199,6,118,171,89,0,0,152,199,6,118,171,89,0,0,234,57,3,0,171,1,0,0,64,31,171,117,171,89,0,0,235,57,3,0,46,0,0,0,168,199,6,118,171,89,0,0,192,199,6,118,171,89,0,0,48,198,6,118,171,89,0,0,208,199,6,118,171,89,0,0,1,1,0,0,0,0,0,0,141,57,3,0,23,0,0,0,64,200,6,118,171,89,0,0,1,0,0,0,1,0,0,0,0,0,0,0,0,0,0,0,1,2,0,0,0,0,0,0,8,200,6,118,171,89,0,0,1,0,0,0,0,0,0,0,40,186,209,117,171,89,0,0,232,199,6,118,171,89,0,0,0,0,0,0,0,0,0,0,0,0,0,0,0,0,0,0,0,0,0,0,0,0,0,0,48,198,6,118,171,89,0,0,232,199,6,118,171,89,0,0,241,90,180,42,0,0,0,0,0,0,0,0,0,0,0,0,0,0,0,0,0,0,0,0,0,0,0,0,0,0,0,0,0,0,0,0,0,0,0,0,0,0,0,0,0,0,0,0,0,0,0,0,0,0,0,0,0,0,0,0,0,0,0,0,0,0,0,0,0,0,0,0,0,0,0,0,0,0,0,0,0,0,0,0,0,0,0,0,0,0,0,0,0,0,0,0,0,0,0,0,0,0,0,0,0,0,0,0,0,0,0,0,0,0,0,0,0,0,0,0,0,0,0,0,0,0,0,0,0,0,0,0,0,0,0,0,0,0,0,0,0,0,0,0,0,0,0,0,0,0,0,0,224,196,6,118,171,89,0,0,0,200,6,118,171,89,0,0,2,1,0,0,0,0,0,0,241,57,3,0,171,1,0,0,224,8,246,117,171,89,0,0,249,57,3,0,171,1,0,0,232,31,171,117,171,89,0,0,32,201,6,118,171,89,0,0,48,201,6,118,171,89,0,0,0,1,0,0,0,0,0,0,225,56,3,0,23,0,0,0,152,201,6,118,171,89,0,0,5,0,0,0,5,0,0,0,0,0,0,0,0,0,0,0,2,2,0,0,0,0,0,0,96,201,6,118,171,89,0,0,5,0,0,0,0,0,0,0,32,186,209,117,171,89,0,0,88,196,6,118,171,89,0,0,144,196,6,118,171,89,0,0,200,196,6,118,171,89,0,0,8,201,6,118,171,89,0,0,64,201,6,118,171,89,0,0,32,201,6,118,171,89,0,0,64,201,6,118,171,89,0,0,80,162,141,48,0,0,0,0,224,196,6,118,171,89,0,0,8,201,6,118,171,89,0,0,80,171,153,18,0,0,0,0,168,196,6,118,171,89,0,0,200,196,6,118,171,89,0,0]},"_outOffset":14764,"_chunkSize":16384,"_defaultFlushFlag":0,"_finishFlushFlag":4,"_defaultFullFlushFlag":3,"_maxOutputLength":9007199254740991,"_rejectGarbageAfterEnd":false,"_level":9,"_strategy":0,"_mode":3}}): FetchError: request to https://upload-firebasehosting.googleapis.com/upload/sites/tontine-web/versions/b8da13969f1eb723/files/c3a4ad8a2d36bbf5cb2a266b1f6a3ca79375084da46fbc205cd51df56b1b724a failed, reason: socket hang up
[info] i  hosting: uploading new files [57/58] (98%) 
[debug] [2026-05-17T15:00:12.992Z] [uploadQueue] Retrying task c3a4ad8a2d36bbf5cb2a266b1f6a3ca79375084da46fbc205cd51df56b1b724a
[debug] [2026-05-17T15:00:12.993Z] Checked if tokens are valid: true, expires at: 1779033500128
[debug] [2026-05-17T15:00:12.993Z] Checked if tokens are valid: true, expires at: 1779033500128
[debug] [2026-05-17T15:00:12.993Z] >>> [apiv2][query] POST https://upload-firebasehosting.googleapis.com/upload/sites/tontine-web/versions/b8da13969f1eb723/files/c3a4ad8a2d36bbf5cb2a266b1f6a3ca79375084da46fbc205cd51df56b1b724a [none]
[debug] [2026-05-17T15:00:12.993Z] >>> [apiv2][body] POST https://upload-firebasehosting.googleapis.com/upload/sites/tontine-web/versions/b8da13969f1eb723/files/c3a4ad8a2d36bbf5cb2a266b1f6a3ca79375084da46fbc205cd51df56b1b724a [stream]
